date,regime,raw_uncertainty,uncertainty_full,uncertainty_expanding,uncertainty_rolling
2024-01-25,neutral,0.17340323620780362,0.44716619333246416,,
2024-01-26,neutral,0.17356388327113406,0.44802248833066594,,
2024-01-27,neutral,0.17804721474837237,0.47191993307475794,,
2024-01-28,neutral,0.1742459371776912,0.45165803159290135,,
2024-01-29,neutral,0.1810450891909437,0.4878994650823275,,
2024-01-30,greed,0.17776905413621658,0.4704372571020523,,
2024-01-31,greed,0.16955416907371051,0.4266495597486473,,
2024-02-01,greed,0.13491863027897405,0.24203218788326722,,
2024-02-02,greed,0.13104302337265344,0.22137408968913833,,
2024-02-03,greed,0.13149876998326435,0.2238033500504735,,
2024-02-04,greed,0.1306459935988968,0.2192578069363955,,
2024-02-05,greed,0.1274208499404032,0.20206686471811328,,
2024-02-06,greed,0.12876466211257093,0.20922976964581183,,
2024-02-07,greed,0.12731703825436388,0.20151351860852695,,
2024-02-08,greed,0.12739833038897075,0.20194682903956684,,
2024-02-09,greed,0.1377042583011184,0.25688038549585934,,
2024-02-10,greed,0.1331440743515635,0.23257329499615975,,
2024-02-11,greed,0.12370139059267733,0.1822410778693282,,
2024-02-12,greed,0.1288286942383043,0.20957107927110466,,
2024-02-13,extreme_greed,0.13543616811861411,0.24479081324669755,,
2024-02-14,greed,0.14491333278646334,0.29530682352396964,,
2024-02-15,greed,0.1460058991489913,0.30113051610845126,,
2024-02-16,greed,0.14253189533822488,0.28261307778606887,,
2024-02-17,extreme_greed,0.14625216549421305,0.3024431864758208,,
2024-02-18,greed,0.1476090206073992,0.3096756140261206,,
2024-02-19,greed,0.14889946507058535,0.3165540537334845,,
2024-02-20,greed,0.1501094084777773,0.32300339968607483,,
2024-02-21,extreme_greed,0.1525069911370639,0.33578320403705464,,
2024-02-22,greed,0.15285633514063746,0.33764530793556485,,
2024-02-23,extreme_greed,0.1488859684491623,0.3164821128639934,,0.439186492537235
2024-02-24,greed,0.14826672216998799,0.31318135229906896,0.42838763766195787,0.42838763766195787
2024-02-25,greed,0.15156560760147822,0.3307653593519424,0.48591593653575893,0.48591593653575893
2024-02-26,greed,0.15531923907284056,0.3507732934366695,0.5513744186901665,0.5513744186901665
2024-02-27,extreme_greed,0.15951574651222675,0.37314188366026757,0.624556085411487,0.624556085411487
2024-02-28,extreme_greed,0.1965763786196986,0.5706856995627635,1.2708456170147429,1.0
2024-02-29,extreme_greed,0.19511189894575875,0.562879602185288,0.9799042207266391,0.9799042207266391
2024-03-01,extreme_greed,0.1869344022401652,0.519291195515145,0.8676915545295423,0.8676915545295423
2024-03-02,extreme_greed,0.18647206257252666,0.5168267922658007,0.8613472698832504,0.8613472698832504
2024-03-03,extreme_greed,0.18825274098879963,0.5263183197774121,0.8857819691467715,0.8857819691467715
2024-03-04,extreme_greed,0.2043144304988685,0.6119317390644621,1.1061825475196059,1.0
2024-03-05,extreme_greed,0.23414503179346807,0.7709374136927981,1.3700468476230798,1.0
2024-03-06,greed,0.2388413480089169,0.7959701282777577,1.0425222870632338,1.0
2024-03-07,extreme_greed,0.2387588946747704,0.7955306283195824,0.9992838860114528,0.9992838860114528
2024-03-08,extreme_greed,0.2352961024594788,0.7770729510219454,0.969209250819663,0.969209250819663
2024-03-09,extreme_greed,0.2369727193765645,0.7860098008481256,0.9837708066401556,0.9837708066401556
2024-03-10,extreme_greed,0.23667889164324457,0.7844436146187683,0.9812188886100167,0.9812188886100167
2024-03-11,extreme_greed,0.239548180406416,0.7997377480150728,1.0061388975066567,1.0
2024-03-12,extreme_greed,0.2411304508256984,0.8081717039041216,1.013658301812475,1.0
2024-03-13,extreme_greed,0.24118210120335082,0.8084470152551173,1.0004398432342891,1.0
2024-03-14,extreme_greed,0.24005746236809833,0.8024523671772417,0.9904270341113317,0.9904270341113317
2024-03-15,extreme_greed,0.23981533595317028,0.8011617638276557,0.9883660454292795,0.9883660454292795
2024-03-16,extreme_greed,0.24453948557856175,0.8263428384835849,1.0285781755809869,1.0
2024-03-17,extreme_greed,0.24366980862926269,0.8217072105032316,0.9928029571353251,0.9928029571353251
2024-03-18,extreme_greed,0.2399374208821503,0.8018125115716489,0.96191544812959,0.96191544812959
2024-03-19,extreme_greed,0.23019254278505902,0.7498695118078657,0.8812713590430348,0.8812713590430348
2024-03-20,greed,0.23448108720953004,0.7727286856023293,0.9167613626298339,0.9167613626298339
2024-03-21,extreme_greed,0.22475319657076748,0.7208762338715913,0.8362578538654918,0.8362578538654918
2024-03-22,greed,0.21403581481284356,0.6637495102149473,0.747565775765652,0.747565775765652
2024-03-23,greed,0.20768455529059499,0.6298954723730213,0.6950056992186782,0.6950056992186782
2024-03-24,greed,0.20647229703594025,0.6234337876184455,0.6849736124434246,0.6849736124434246
2024-03-25,greed,0.1884943686891345,0.5276062648349458,0.5361966199816861,0.5361966199816861
2024-03-26,extreme_greed,0.18766970656473747,0.5232105788031686,0.5293720989190746,0.5293720989190746
2024-03-27,extreme_greed,0.1865713110282639,0.5173558150469533,0.5202822871622617,0.5202822871622617
2024-03-28,extreme_greed,0.18939256656153902,0.5323939175289354,0.5436296887710398,0.5436296887710398
2024-03-29,extreme_greed,0.1852370353385917,0.5102437423105942,0.5092404407161715,0.5092404407161715
2024-03-30,greed,0.18999368248852608,0.5355980381082184,0.548604245238992,0.548604245238992
2024-03-31,greed,0.1948473685588417,0.5614695792287927,0.5887710988366309,0.5887710988366309
2024-04-01,extreme_greed,0.19622480534992115,0.5688117130349635,0.6001701265293495,0.6001701265293495
2024-04-02,extreme_greed,0.1992877374595986,0.58513802109796,0.6255175313360477,0.6255175313360477
2024-04-03,greed,0.2004762368969315,0.5914730645307831,0.6353530011642649,0.6353530011642649
2024-04-04,greed,0.19478376292977637,0.5611305429532645,0.5882447281662496,0.5882447281662496
2024-04-05,extreme_greed,0.19227039201911145,0.5477335539588166,0.5674452368224104,0.5674452368224104
2024-04-06,greed,0.19447379884535124,0.5594783453368692,0.5856796092402906,0.5856796092402906
2024-04-07,extreme_greed,0.1995550083002493,0.5865626514601325,0.6277293407880415,0.6277293407880415
2024-04-08,extreme_greed,0.17489235589400232,0.4551036290538562,0.42363267401149285,0.42363267401149285
2024-04-09,extreme_greed,0.14857151214277076,0.3148059704139928,0.2058135851363645,0.2058135851363645
2024-04-10,extreme_greed,0.14343772994944495,0.2874414364918258,0.1633287860014104,0.1633287860014104
2024-04-11,extreme_greed,0.1435367668243293,0.28796933148624954,0.16414836922055934,0.16414836922055934
2024-04-12,extreme_greed,0.14987671876296194,0.3217630966590625,0.21661486945273548,0.21661486945273548
2024-04-13,greed,0.15436525459673198,0.34568828211857494,0.2537599091382284,0.2537599091382284
2024-04-14,greed,0.1537201817785625,0.3422498586813642,0.24842158583674945,0.24842158583674945
2024-04-15,greed,0.1548167263923177,0.348094756487758,0.2574960802160533,0.2574960802160533
2024-04-16,greed,0.15262981566477277,0.33643789405474434,0.23939822185606846,0.23939822185606846
2024-04-17,greed,0.1520559829671177,0.3333792009257205,0.23464944873346918,0.23464944873346918
2024-04-18,greed,0.15321858489832796,0.3395762032110804,0.24427060281857843,0.24427060281857843
2024-04-19,greed,0.1497607625361171,0.3211450166581019,0.2156552695280727,0.2156552695280727
2024-04-20,greed,0.15139357163000855,0.32984835820155567,0.22916763989506828,0.22916763989506828
2024-04-21,greed,0.15894941002606283,0.3701231474920014,0.29169625222495404,0.29169625222495404
2024-04-22,greed,0.1521510287397747,0.33388582219870955,0.23543600344262866,0.23543600344262866
2024-04-23,greed,0.15442827878626852,0.3460242191543791,0.25428146808488267,0.25428146808488267
2024-04-24,greed,0.15468631551574596,0.34739962905122473,0.25641686031783356,0.25641686031783356
2024-04-25,greed,0.15331081059115048,0.34006779264839976,0.24503381985566675,0.24503381985566675
2024-04-26,greed,0.14927921174065661,0.3185782125784984,0.2116701786052414,0.2116701786052414
2024-04-27,greed,0.14801944075744736,0.3118632713312814,0.20124489853643185,0.20124489853643185
2024-04-28,greed,0.15169900112002915,0.3314763851270775,0.23169523262198344,0.23169523262198344
2024-04-29,greed,0.1520692927413267,0.3334501458458832,0.2347595942485118,0.2347595942485118
2024-04-30,greed,0.15733024131740508,0.36149251312045,0.2782967633564239,0.2782967633564239
2024-05-01,neutral,0.16517830896385735,0.4033249682670673,0.3432437293555902,0.3432437293555902
2024-05-02,fear,0.16341704431434384,0.39393692170946626,0.328668320419201,0.328668320419201
2024-05-03,neutral,0.16381349901824688,0.39605013917468346,0.33194919557657043,0.33194919557657043
2024-05-04,greed,0.16318460037239785,0.3926979287224531,0.3267447222196999,0.3267447222196999
2024-05-05,greed,0.16376250998961978,0.3957783530039849,0.3315272340367675,0.3315272340367675
2024-05-06,greed,0.1646682867413386,0.4006064033019783,0.3390230221143984,0.3390230221143984
2024-05-07,greed,0.16255803828378418,0.3893581727915329,0.32155958512624555,0.32155958512624555
2024-05-08,greed,0.16205134080662692,0.38665732967435273,0.31736639193483973,0.31736639193483973
2024-05-09,neutral,0.15670307893321508,0.35814955744165516,0.273106658495343,0.273106658495343
2024-05-10,greed,0.15537516193022916,0.35107137833205604,0.26211743358956263,0.26211743358956263
2024-05-11,neutral,0.1555776196384254,0.35215053607874475,0.2637928796334604,0.2637928796334604
2024-05-12,greed,0.16033191776716438,0.3774923109185712,0.30313724474691534,0.30313724474691534
2024-05-13,greed,0.16256078215593056,0.38937279841833206,0.32158229213885364,0.32158229213885364
2024-05-14,greed,0.1624064171438654,0.3885499885580804,0.3203048389310453,0.3203048389310453
2024-05-15,greed,0.17561463692133103,0.45895359442624184,0.4296099366240248,0.4296099366240248
2024-05-16,greed,0.17591508728960548,0.46055508120245575,0.43209632444989665,0.43209632444989665
2024-05-17,greed,0.17447020264145596,0.4528534309416971,0.42013912959078953,0.42013912959078953
2024-05-18,greed,0.17263091556284116,0.44304950242272106,0.40491804323694014,0.40491804323694014
2024-05-19,greed,0.17639334533221357,0.4631043339634148,0.4360541660781014,0.4360541660781014
2024-05-20,greed,0.17999695214846745,0.48231259353736616,0.46587594385997416,0.46587594385997416
2024-05-21,extreme_greed,0.16081589617251574,0.38007205485629636,0.30714242544268755,0.30714242544268755
2024-05-22,extreme_greed,0.16358212810684064,0.3948168657487072,0.3300344772798838,0.3300344772798838
2024-05-23,extreme_greed,0.1594524196141933,0.37280433310121286,0.2958589261581141,0.2958589261581141
2024-05-24,greed,0.15848750465625838,0.36766105917487774,0.2878737377285247,0.2878737377285247
2024-05-25,extreme_greed,0.16221482684843297,0.38752875724341057,0.3187193265522313,0.3187193265522313
2024-05-26,greed,0.16745619036631462,0.4154667305313978,0.3620944188068213,0.3620944188068213
2024-05-27,greed,0.16647758877492153,0.41025050291683773,0.35399596614992196,0.35399596614992196
2024-05-28,greed,0.16715570949048916,0.4138650811411729,0.3596077785146141,0.3596077785146141
2024-05-29,greed,0.16900861795936545,0.42374161558339235,0.37494158917335324,0.37494158917335324
2024-05-30,greed,0.1660318578061598,0.40787462880385,0.3503073034909005,0.3503073034909005
2024-05-31,greed,0.1626966700146507,0.39009711974314254,0.32270683699977704,0.32270683699977704
2024-06-01,greed,0.16548759260063736,0.4049735389020352,0.34580321721259544,0.34580321721259544
2024-06-02,greed,0.16766737883384414,0.4165924257335034,0.3638421165635113,0.3638421165635113
2024-06-03,greed,0.16681858191473187,0.41206809431245583,0.3568178671394251,0.3568178671394251
2024-06-04,greed,0.15000475356948562,0.32244555895964283,0.2176744260978368,0.2176744260978368
2024-06-05,greed,0.14600558404005468,0.30112883648729455,0.1845791548599205,0.1845791548599205
2024-06-06,extreme_greed,0.14139969807070984,0.2765781410928491,0.14646297990794974,0.14646297990794974
2024-06-07,extreme_greed,0.1366310520478453,0.2511598878554737,0.10699987828075508,0.10699987828075508
2024-06-08,greed,0.13826254485327633,0.2598562132032904,0.12050135565526698,0.12050135565526698
2024-06-09,greed,0.11714988988669005,0.14731969699283481,-0.05421717966302424,0.0
2024-06-10,greed,0.10791011717466761,0.09806905403802477,-0.0725316118780334,0.0
2024-06-11,greed,0.11643612481226713,0.14351512409589803,0.062402452248740053,0.062402452248740053
2024-06-12,greed,0.11483542945922062,0.1349829580167758,0.05068684987316115,0.05068684987316115
2024-06-13,greed,0.11552163777343258,0.13864064546528856,0.05570925700442618,0.05570925700442618
2024-06-14,greed,0.1102615581779183,0.11060291010676902,0.017210362828433214,0.017210362828433214
2024-06-15,greed,0.11020526844536492,0.11030286966135838,0.016798374299093165,0.016798374299093165
2024-06-16,greed,0.11582293726484744,0.14024665831177674,0.05791448926843093,0.05791448926843093
2024-06-17,greed,0.11391763991960374,0.13009087610825484,0.04396948339230487,0.04396948339230487
2024-06-18,greed,0.11840322635809622,0.15400034044363628,0.07679980743532104,0.07679980743532104
2024-06-19,greed,0.11991818646446106,0.16207551302794376,0.0878879074833753,0.0878879074833753
2024-06-20,greed,0.11989126656818341,0.16193202224724243,0.08769087886067048,0.08769087886067048
2024-06-21,greed,0.11279721870430248,0.12411870915635606,0.03576904136150262,0.03576904136150262
2024-06-22,neutral,0.11841266945783901,0.15405067487807686,0.07686892214947882,0.07686892214947882
2024-06-23,neutral,0.12611632776314005,0.19511338675047657,0.13325254153742785,0.13325254153742785
2024-06-24,neutral,0.13919933271959478,0.26484956165096557,0.22900797910762632,0.22900797910762632
2024-06-25,fear,0.14468916421131006,0.2941119406193071,0.26918844364352773,0.26918844364352773
2024-06-26,neutral,0.1473705230962162,0.30840435377600633,0.2888134987559813,0.2888134987559813
2024-06-27,fear,0.15177447981368872,0.3318787082477843,0.32104636910383977,0.32104636910383977
2024-06-28,neutral,0.14785918361916467,0.3110090547456017,0.2923900396465453,0.2923900396465453
2024-06-29,fear,0.14954268899268575,0.3199826220234966,0.3047117344123765,0.3047117344123765
2024-06-30,neutral,0.15476622091835252,0.34782554780232294,0.3429431336107196,0.3429431336107196
2024-07-01,neutral,0.15052873005345524,0.3252385041470419,0.3119286385984123,0.3119286385984123
2024-07-02,neutral,0.15080030270778697,0.32668606441195824,0.3139162980416509,0.3139162980416509
2024-07-03,neutral,0.15300664331447214,0.33844649368260055,0.33006466081650426,0.33006466081650426
2024-07-04,fear,0.16796668019619634,0.4181877879780656,0.4395582276571296,0.4395582276571296
2024-07-05,fear,0.18387434640796574,0.5029802188374025,0.5559875605128907,0.5559875605128907
2024-07-06,fear,0.1802061139604624,0.4834274860832554,0.5291395080747094,0.5291395080747094
2024-07-07,fear,0.18443462946536468,0.5059666884913238,0.5600883117931181,0.5600883117931181
2024-07-08,fear,0.18552966859727124,0.5118035616469699,0.56810298056235,0.56810298056235
2024-07-09,fear,0.18759652751492673,0.5228205134448172,0.5832304670010312,0.5832304670010312
2024-07-10,fear,0.19033548561185337,0.5374199469486737,0.6032770948155574,0.6032770948155574
2024-07-11,fear,0.19097116480356727,0.5408082996582774,0.6079296757294553,0.6079296757294553
2024-07-12,extreme_fear,0.1872931147788778,0.521203236397337,0.5810097677502523,0.5810097677502523
2024-07-13,extreme_fear,0.18650915782996974,0.5170245206446892,0.5752719314558578,0.5752719314558578
2024-07-14,fear,0.18071166510912118,0.48612221894022173,0.5328396726481436,0.5328396726481436
2024-07-15,neutral,0.18639571050353998,0.5164198138036973,0.5744416024588416,0.5744416024588416
2024-07-16,greed,0.182780989908431,0.4971523145956845,0.5479852070488636,0.5479852070488636
2024-07-17,greed,0.1778330475858424,0.4707783605725811,0.5117708676254253,0.5117708676254253
2024-07-18,greed,0.1742041688178183,0.45143539423557416,0.48521084754762883,0.48521084754762883
2024-07-19,greed,0.16958164523957317,0.42679601560604175,0.4513782709043675,0.4513782709043675
2024-07-20,greed,0.16787579106578704,0.41770332280237604,0.4388930036904885,0.4388930036904885
2024-07-21,greed,0.168037246322376,0.41856392570282325,0.44007470612002525,0.44007470612002525
2024-07-22,greed,0.16562852095776795,0.4057247275314065,0.4224450750037667,0.4224450750037667
2024-07-23,greed,0.16601561678642124,0.40778805950292707,0.425278256721397,0.425278256721397
2024-07-24,greed,0.16259419440942952,0.38955089532814585,0.40023662462603704,0.40023662462603704
2024-07-25,greed,0.135922265803027,0.2473818535506466,0.20502289482559732,0.20502289482559732
2024-07-26,greed,0.14030043665719114,0.2707187619632342,0.2370670366181708,0.2370670366181708
2024-07-27,greed,0.13709681941825286,0.25364256174528665,0.21361953571581743,0.21361953571581743
2024-07-28,greed,0.14062264658565943,0.27243623344636264,0.2394253138482594,0.2394253138482594
2024-07-29,greed,0.14260183594875542,0.2829858813327188,0.2539111406234023,0.2539111406234023
2024-07-30,greed,0.14171500305349244,0.2782588072318216,0.2474203480096109,0.2474203480096109
2024-07-31,greed,0.14478287977758933,0.2946114715101614,0.2698743544939844,0.2698743544939844
2024-08-01,neutral,0.14359254714998243,0.2882666566465395,0.26116222589738486,0.26116222589738486
2024-08-02,greed,0.1499133633722098,0.3219584229536084,0.30742472638368024,0.30742472638368024
2024-08-03,fear,0.14586627332719657,0.30038627036661203,0.27780378842362524,0.27780378842362524
2024-08-04,fear,0.13365563652499218,0.23530006834199543,0.1884332750058353,0.1884332750058353
2024-08-05,fear,0.24758102787563824,0.8425551327005579,1.022261262952525,1.0
2024-08-06,extreme_fear,0.24252927652044043,0.8156278467114131,0.9638310416260306,0.9638310416260306
2024-08-07,fear,0.23417802902396945,0.7711132984108071,0.9040387237084462,0.9040387237084462
2024-08-08,extreme_fear,0.25426425844369815,0.8781786715852222,1.0478498388427382,1.0
2024-08-09,neutral,0.2533501226008224,0.8733060649299647,0.9937539461818482,0.9937539461818482
2024-08-10,fear,0.26491376313325254,0.9349435909677484,1.0727653115737825,1.0
2024-08-11,fear,0.27307479187958483,0.9784442186841174,1.051979867706289,1.0
2024-08-12,extreme_fear,0.27685403416585413,0.9985886657697675,1.0228816621533707,1.0
2024-08-13,fear,0.275389379274993,0.9907816344357653,0.9913305260293123,0.9913305260293123
2024-08-14,fear,0.2757383098598084,0.9926415346935276,0.9933958894412047,0.9933958894412047
2024-08-15,fear,0.2657510763090808,0.939406710738045,0.9342802152660367,0.9342802152660367
2024-08-16,fear,0.2667410901533085,0.944683768938723,0.9401402300085583,0.9401402300085583
2024-08-17,extreme_fear,0.2666725374079816,0.944318363112314,0.9397344578058783,0.9397344578058783
2024-08-18,fear,0.2743053687923832,0.9850035471491786,0.9849141335251278,0.9849141335251278
2024-08-19,fear,0.27675485101488395,0.9980599910817841,0.9994129226270079,0.9994129226270079
2024-08-20,fear,0.2743243262280596,0.9851045957274214,0.9850263449383234,0.9850263449383234
2024-08-21,fear,0.27711881055709864,1.0,1.0015672443018964,1.0
2024-08-22,fear,0.27270740187105824,0.9764859243949554,0.9739291841461709,0.9739291841461709
2024-08-23,fear,0.2738839148672248,0.9827570766528999,0.9808822134063608,0.9808822134063608
2024-08-24,greed,0.27186996174958317,0.9720221279678922,0.968980028729065,0.968980028729065
2024-08-25,neutral,0.18127227513276353,0.48911043141815114,0.433560217809194,0.433560217809194
2024-08-26,neutral,0.17522331627752877,0.4568677429762733,0.3978117066995229,0.3978117066995229
2024-08-27,neutral,0.18056434041308164,0.48533693598692695,0.4293764214242064,0.4293764214242064
2024-08-28,fear,0.1497264893472401,0.3209623307153939,0.24712898218570062,0.24712898218570062
2024-08-29,fear,0.15041069352003966,0.32460933551442933,0.25117253431722847,0.25117253431722847
2024-08-30,fear,0.14202748405826038,0.27992442075670426,0.20162892462317883,0.20162892462317883
2024-08-31,fear,0.14337597850661915,0.2871122835616243,0.20959834050485,0.20959834050485
2024-09-01,fear,0.14129049787993261,0.27599607270500137,0.19727343813134657,0.19727343813134657
2024-09-02,fear,0.14276338614894926,0.28384699030985544,0.20597800430684296,0.20597800430684296
2024-09-03,fear,0.14118316930264557,0.27542398055473305,0.19663914106810723,0.19663914106810723
2024-09-04,fear,0.13871479408322887,0.26226683152098984,0.18205138455232414,0.18205138455232414
2024-09-05,fear,0.13733446625638873,0.2549092876636786,0.1738938378019309,0.1738938378019309
2024-09-06,extreme_fear,0.1458172620260786,0.3001250260516981,0.22402598881687766,0.22402598881687766
2024-09-07,extreme_fear,0.14339435613174717,0.2872102415830765,0.20970694973030204,0.20970694973030204
2024-09-08,fear,0.14605856423246116,0.30141123613295834,0.22545205151826148,0.22545205151826148
2024-09-09,fear,0.14974779334999838,0.32107588717030444,0.24725488589863895,0.24725488589863895
2024-09-10,fear,0.1502121812128706,0.3235512078886494,0.24999935400833978,0.24999935400833978
2024-09-11,fear,0.15160563598680737,0.33097872214509194,0.2582344792024538,0.2582344792024538
2024-09-12,fear,0.1467424970603801,0.3050567945858281,0.22949400003903375,0.22949400003903375
2024-09-13,fear,0.15280027454848982,0.33734648887434426,0.2652946280506127,0.2652946280506127
2024-09-14,neutral,0.1564412629651427,0.35675400311739974,0.2868123665537039,0.2868123665537039
2024-09-15,neutral,0.15860020941946806,0.3682618079405832,0.29957144181850653,0.29957144181850653
2024-09-16,fear,0.1481309732249331,0.31245777142400144,0.2376997023395349,0.2376997023395349
2024-09-17,fear,0.14567476780904945,0.29936549093922765,0.22318386768125087,0.22318386768125087
2024-09-18,fear,0.14252647375135527,0.2825841791705416,0.20457788476890326,0.20457788476890326
2024-09-19,neutral,0.1397277971702328,0.26766642899000914,0.1880380928399085,0.1880380928399085
2024-09-20,neutral,0.12932647771440153,0.21222440820182287,0.1265677319032923,0.1265677319032923
2024-09-21,neutral,0.13238138464290286,0.2285079397436785,0.14462180978448536,0.14462180978448536
2024-09-22,neutral,0.13384393009015955,0.23630372713726858,0.15326525131234567,0.15326525131234567
2024-09-23,neutral,0.1326484541065755,0.22993149670870633,0.14620015341644657,0.14620015341644657
2024-09-24,neutral,0.1356497196800498,0.24592910441819205,0.16393721830052493,0.16393721830052493
2024-09-25,greed,0.1396317039192803,0.2671542243567858,0.18747019500303247,0.18747019500303247
2024-09-26,neutral,0.12594810653074873,0.19421671925527476,0.10660202496400815,0.10660202496400815
2024-09-27,greed,0.1295805550885604,0.21357871359737787,0.1280692940812155,0.1280692940812155
2024-09-28,greed,0.13716535815834294,0.2540078929197599,0.17289443230647217,0.17289443230647217
2024-09-29,greed,0.14193626482203273,0.2794381960221702,0.2010898315399323,0.2010898315399323
2024-09-30,greed,0.14699318462887706,0.3063930313433826,0.23097552893383108,0.23097552893383108
2024-10-01,neutral,0.15602925113273813,0.35455786168802106,0.2843774335477892,0.2843774335477892
2024-10-02,fear,0.1538779903737295,0.34309102382882045,0.271663779680452,0.271663779680452
2024-10-03,fear,0.1463236719540011,0.30282433644885,0.22701880152525286,0.22701880152525286
2024-10-04,fear,0.14216465310263252,0.28065557116909856,0.20243957472412916,0.20243957472412916
2024-10-05,neutral,0.1441863004556818,0.29143153233922703,0.21438723126964787,0.21438723126964787
2024-10-06,neutral,0.1470383282074389,0.3066336595859538,0.23124232124609015,0.23124232124609015
2024-10-07,neutral,0.13906169032788887,0.26411588816129916,0.18410149343104454,0.18410149343104454
2024-10-08,neutral,0.13378075313744608,0.23596697582984572,0.15289188425034328,0.15289188425034328
2024-10-09,neutral,0.13065065985495458,0.21928267942170435,0.13439346540482253,0.13439346540482253
2024-10-10,fear,0.12882202398755446,0.20953552491838004,0.12358648007300396,0.12358648007300396
2024-10-11,fear,0.1260803448409968,0.1949215874382877,0.10738353510751603,0.10738353510751603
2024-10-12,neutral,0.12887812510602498,0.209834559996544,0.1239180299322285,0.1239180299322285
2024-10-13,neutral,0.13285628774321198,0.23103930969837702,0.14742842149465196,0.14742842149465196
2024-10-14,neutral,0.1447884586564155,0.2946412085370039,0.2179459030417462,0.2179459030417462
2024-10-15,greed,0.14928760021016693,0.3186229255308259,0.24453520802256576,0.24453520802256576
2024-10-16,greed,0.14805662940286346,0.31206149749489454,0.2372603406224533,0.2372603406224533
2024-10-17,greed,0.14807320583314867,0.31214985463038775,0.23735830503523764,0.23735830503523764
2024-10-18,greed,0.1431571944156032,0.28594610150426714,0.20830535675417788,0.20830535675417788
2024-10-19,greed,0.14129591985063955,0.27602497336649184,0.19730548122912456,0.19730548122912456
2024-10-20,greed,0.14154533003812106,0.27735440131626826,0.19877946097860358,0.19877946097860358
2024-10-21,greed,0.13486104143496624,0.24172522280059605,0.15927623883594713,0.15927623883594713
2024-10-22,greed,0.13658025993337106,0.25088915129377937,0.1694365826341182,0.1694365826341182
2024-10-23,greed,0.14010989699050266,0.269703130801594,0.1902962499867537,0.1902962499867537
2024-10-24,greed,0.14327477110101677,0.286572819014924,0.20900021872056534,0.20900021872056534
2024-10-25,greed,0.141277323247907,0.27592584813149973,0.19719557787628375,0.19719557787628375
2024-10-26,greed,0.13760828859234744,0.2563688393779548,0.1755120899761253,0.1755120899761253
2024-10-27,greed,0.14315655443935865,0.28594269024703145,0.20830157458299176,0.20830157458299176
2024-10-28,greed,0.14219995261723065,0.2808437277227428,0.2026481899784196,0.2026481899784196
2024-10-29,greed,0.1500964850560516,0.32293451413563945,0.2493156057061322,0.2493156057061322
2024-10-30,extreme_greed,0.14976827014595748,0.3211850343753356,0.247375900933681,0.247375900933681
2024-10-31,extreme_greed,0.15074214039374786,0.32637604256927394,0.2531313395481104,0.2531313395481104
2024-11-01,greed,0.14625633133589463,0.30246539160874564,0.22662082777603032,0.22662082777603032
2024-11-02,greed,0.14811017585758005,0.31234691548134685,0.23757679277184474,0.23757679277184474
2024-11-03,greed,0.13975048726535938,0.2677873737154391,0.18817218816724082,0.18817218816724082
2024-11-04,greed,0.1352948613640269,0.24403760765017654,0.16184005468009044,0.16184005468009044
2024-11-05,greed,0.13579407596253998,0.2466985648745036,0.16479034398576334,0.16479034398576334
2024-11-06,greed,0.20309618815815478,0.605438157412085,0.5625365285952285,0.5625365285952285
2024-11-07,extreme_greed,0.19793640940630947,0.5779350543647238,0.5320429490473763,0.5320429490473763
2024-11-08,greed,0.18599006432844356,0.5142576031564957,0.46144170014543123,0.46144170014543123
2024-11-09,greed,0.1821534006667293,0.4938070836437248,0.43876754797853895,0.43876754797853895
2024-11-10,extreme_greed,0.1843272938199938,0.505394558666138,0.4516149561690345,0.4516149561690345
2024-11-11,extreme_greed,0.20769776926364955,0.6299659066455092,0.5897312371737924,0.5897312371737924
2024-11-12,extreme_greed,0.21758306387083587,0.6826573667469209,0.6481519625489621,0.6481519625489621
2024-11-13,extreme_greed,0.22051094499813134,0.6982638142764072,0.6654553354949262,0.6654553354949262
2024-11-14,extreme_greed,0.22515296885259262,0.7230071349802063,0.6928890551323077,0.6928890551323077
2024-11-15,extreme_greed,0.22493829963935116,0.7218628864035083,0.6916203897407709,0.6916203897407709
2024-11-16,extreme_greed,0.22681323760746736,0.7318568444053059,0.7027010140907186,0.7027010140907186
2024-11-17,extreme_greed,0.23212818054424736,0.7601870171338995,0.7341115925340355,0.7341115925340355
2024-11-18,extreme_greed,0.23450766166629078,0.7728703350911678,0.7481739972159599,0.7481739972159599
2024-11-19,extreme_greed,0.23273146617715162,0.7634027028690339,0.7376769272744957,0.7376769272744957
2024-11-20,extreme_greed,0.22988503191292595,0.7482303905177454,0.7208548940365673,0.7208548940365673
2024-11-21,extreme_greed,0.22857221371518,0.7412326923776565,0.7130963198669836,0.7130963198669836
2024-11-22,extreme_greed,0.22168561943213244,0.704525166469828,0.6723974991067342,0.6723974991067342
2024-11-23,extreme_greed,0.22550232556152755,0.7248693066019426,0.694953705014955,0.694953705014955
2024-11-24,extreme_greed,0.22937758044616496,0.7455255284193714,0.7178559259775559,0.7178559259775559
2024-11-25,extreme_greed,0.237048827861837,0.7864154809390558,0.7631919383438599,0.7631919383438599
2024-11-26,extreme_greed,0.21888647022832058,0.6896048970745862,0.6558549140429428,0.6558549140429428
2024-11-27,greed,0.22023363123910494,0.696785652274165,0.6638164494927771,0.6638164494927771
2024-11-28,extreme_greed,0.21982509819852053,0.6946080538045742,0.6614020756658894,0.6614020756658894
2024-11-29,extreme_greed,0.212828358900374,0.6573134233238341,0.6200523130840514,0.6200523130840514
2024-11-30,extreme_greed,0.21215101194767338,0.6537029694778667,0.6160492861759143,0.6160492861759143
2024-12-01,extreme_greed,0.18832037603451296,0.5266788340012442,0.4752135203722007,0.4752135203722007
2024-12-02,extreme_greed,0.17108418424218014,0.434804980138988,0.37335000823351255,0.37335000823351255
2024-12-03,extreme_greed,0.1507710622533645,0.32653020438969566,0.25330226374259773,0.25330226374259773
2024-12-04,extreme_greed,0.1410198652756816,0.27455352317707266,0.19567403683085108,0.19567403683085108
2024-12-05,extreme_greed,0.16205782639447106,0.3866918997207401,0.32000548043606375,0.32000548043606375
2024-12-06,greed,0.16089060612711584,0.38047028037697306,0.31310736991926447,0.31310736991926447
2024-12-07,greed,0.16265883720593033,0.38989546000406256,0.32355737129607365,0.32355737129607365
2024-12-08,extreme_greed,0.16992183154149226,0.42860930632391125,0.36648066436321375,0.36648066436321375
2024-12-09,extreme_greed,0.172328174387737,0.4414358049880024,0.38070181812394954,0.38070181812394954
2024-12-10,extreme_greed,0.16999461335950705,0.42899725432267366,0.3669107948521378,0.3669107948521378
2024-12-11,greed,0.1682311139757251,0.41959729598942785,0.35648875713923944,0.35648875713923944
2024-12-12,extreme_greed,0.1688418946371726,0.4228529323798678,0.3600983864628764,0.3600983864628764
2024-12-13,extreme_greed,0.16873380052617887,0.4222767597150204,0.35945956520119665,0.35945956520119665
2024-12-14,extreme_greed,0.17169836661653115,0.43807874863644686,0.37697974121042815,0.37697974121042815
2024-12-15,extreme_greed,0.16968372149705238,0.42734011138284916,0.36507346689788184,0.36507346689788184
2024-12-16,extreme_greed,0.1718920129862555,0.4391109394177612,0.3781241645012971,0.3781241645012971
2024-12-17,extreme_greed,0.17105691734459685,0.4346596397416412,0.37318886463599266,0.37318886463599266
2024-12-18,extreme_greed,0.1806867683735549,0.48598951218732517,0.430099953755944,0.430099953755944
2024-12-19,greed,0.18103782129355836,0.4878607251013438,0.4321746280116575,0.4321746280116575
2024-12-20,greed,0.1761465677663493,0.4617889386431572,0.40326799544193326,0.40326799544193326
2024-12-21,greed,0.17329104120401273,0.4465681617309044,0.3863922279783624,0.3863922279783624
2024-12-22,greed,0.18016651565781217,0.4832164157543386,0.4270253320840722,0.4270253320840722
2024-12-23,greed,0.1802425728337736,0.4836218223519006,0.4274748194859371,0.4274748194859371
2024-12-24,greed,0.18492638475820194,0.5085878854734912,0.45515550084338013,0.45515550084338013
2024-12-25,greed,0.15894599902631917,0.37010496588345654,0.3016150106206696,0.3016150106206696
2024-12-26,extreme_greed,0.16087787737889048,0.3804024324922201,0.3130321447758577,0.3130321447758577
2024-12-27,greed,0.1557598270025088,0.3531217536737979,0.2827851741617988,0.2827851741617988
2024-12-28,greed,0.15939465931293073,0.3724964541021177,0.30426653092759337,0.30426653092759337
2024-12-29,greed,0.15989165362625493,0.375145576568545,0.3072036986545549,0.3072036986545549
2024-12-30,greed,0.1589871377717029,0.3703242472146808,0.3018581349221542,0.3018581349221542
2024-12-31,greed,0.15654289970867072,0.3572957561585838,0.28741302566581167,0.28741302566581167
2025-01-01,greed,0.16376385066544497,0.39578549919128214,0.330087848173034,0.330087848173034
2025-01-02,greed,0.16511571242817502,0.40299131074916245,0.3380771644174109,0.3380771644174109
2025-01-03,greed,0.16752690500801196,0.41584365988653027,0.3523269794336369,0.3523269794336369
2025-01-04,greed,0.1735371679231148,0.44788008785094435,0.3878468028833633,0.3878468028833633
2025-01-05,greed,0.18245299292174424,0.4954039964297469,0.44053809681398104,0.44053809681398104
2025-01-06,extreme_greed,0.18998718197767894,0.5355633885179379,0.4850641132102342,0.4850641132102342
2025-01-07,extreme_greed,0.18370711503954507,0.5020888276015322,0.4479497852605454,0.4479497852605454
2025-01-08,greed,0.17102882219172044,0.434509884505641,0.37302282616412225,0.37302282616412225
2025-01-09,greed,0.14342774334920352,0.2873882050435908,0.20990426357268777,0.20990426357268777
2025-01-10,neutral,0.1422483034737701,0.2811014516783208,0.20293393686040853,0.20293393686040853
2025-01-11,greed,0.14604616470341525,0.3013451430810098,0.2253787720147203,0.2253787720147203
2025-01-12,greed,0.14982743420732542,0.3215003958190643,0.24772555236225285,0.24772555236225285
2025-01-13,greed,0.1535262251187578,0.3412160139647816,0.2695848956234923,0.2695848956234923
2025-01-14,greed,0.15450366124769602,0.3464260293296434,0.27536140810284293,0.27536140810284293
2025-01-15,greed,0.15455109677301315,0.3466788743068503,0.2756417455037702,0.2756417455037702
2025-01-16,greed,0.15144227256838977,0.3301079481939217,0.2572690239699121,0.2572690239699121
2025-01-17,greed,0.150326512652481,0.3241606273068819,0.250675037020394,0.250675037020394
2025-01-18,extreme_greed,0.14453101580963626,0.29326896420555015,0.21642445138561067,0.21642445138561067
2025-01-19,extreme_greed,0.14987149368864497,0.3217352455118949,0.247985937809589,0.247985937809589
2025-01-20,extreme_greed,0.18460367610666836,0.5068677556531518,0.4532483372982765,0.4532483372982765
2025-01-21,extreme_greed,0.18207040812076863,0.4933647095316753,0.4382770734981699,0.4382770734981699
2025-01-22,extreme_greed,0.1850539211002642,0.5092676908152933,0.4559092230045341,0.4559092230045341
2025-01-23,greed,0.18261612959379836,0.49627356175766013,0.44150221200684175,0.44150221200684175
2025-01-24,greed,0.17669276245038584,0.4647003132197523,0.40649593056227656,0.40649593056227656
2025-01-25,greed,0.17497569519553952,0.4555478514727444,0.3963483003163201,0.3963483003163201
2025-01-26,greed,0.17777944527224027,0.4704926448422217,0.4129180759032278,0.4129180759032278
2025-01-27,greed,0.1691668457468346,0.4245850151462445,0.36201880262570063,0.36201880262570063
2025-01-28,greed,0.17143394766287579,0.436669319651249,0.3754170617264743,0.3754170617264743
2025-01-29,greed,0.1753583361206651,0.45758743752865866,0.39860965531810344,0.39860965531810344
2025-01-30,greed,0.17982326421815997,0.4813867869717996,0.42499676349938126,0.42499676349938126
2025-01-31,extreme_greed,0.17743154046380966,0.46863821226727503,0.41086200655196636,0.41086200655196636
2025-02-01,greed,0.17732428617918014,0.4680665161182141,0.4102281485480687,0.4102281485480687
2025-02-02,greed,0.17982680425556385,0.48140565638814337,0.4250176846313463,0.4250176846313463
2025-02-03,fear,0.18551009085466147,0.5116992066545705,0.45860512322856267,0.45860512322856267
2025-02-04,greed,0.18127608430272613,0.4891307353883492,0.4335827294773976,0.4335827294773976
2025-02-05,neutral,0.17974004214824518,0.4809431894311371,0.42450493256415445,0.42450493256415445
2025-02-06,neutral,0.1757920231049404,0.4598991137443409,0.401172685476933,0.401172685476933
2025-02-07,fear,0.1738420707216283,0.44950530735942557,0.38964873629717667,0.38964873629717667
2025-02-08,fear,0.17691317445034108,0.4658751724994212,0.40779853502986785,0.40779853502986785
2025-02-09,neutral,0.16469706087264024,0.4007597776880417,0.3356029915651416,0.3356029915651416
2025-02-10,fear,0.16402538744880812,0.3971795653808334,0.33163349442876183,0.33163349442876183
2025-02-11,neutral,0.16587423254888223,0.40703444090001367,0.34255991353357407,0.34255991353357407
2025-02-12,neutral,0.16517029317423898,0.4032822418056272,0.33839972908576754,0.33839972908576754
2025-02-13,neutral,0.168740892177612,0.42231456025444697,0.35950147588138326,0.35950147588138326
2025-02-14,neutral,0.1662854319762299,0.40922625197705154,0.34499004533784444,0.34499004533784444
2025-02-15,neutral,0.165203580106244,0.403459670715876,0.33859645025499135,0.33859645025499135
2025-02-16,neutral,0.16954542767113773,0.4266029655617063,0.36425616949341516,0.36425616949341516
2025-02-17,neutral,0.16992655097948345,0.4286344622842033,0.36650855558970363,0.3577977063966473
2025-02-18,neutral,0.1669138500306984,0.41257590073915934,0.34870390921745126,0.33974823652937725
2025-02-19,fear,0.16761422058939093,0.4163090770192799,0.3528430024560571,0.3439442445334714
2025-02-20,neutral,0.1691826784892627,0.42466940821181276,0.3621123719459973,0.35334107285565636
2025-02-21,neutral,0.16389621610320027,0.3964910450004297,0.33087010962254554,0.32166921256691117
2025-02-22,neutral,0.1661295128987464,0.40839515850166846,0.34406858513171235,0.32456047676449273
2025-02-23,neutral,0.12299159962767847,0.17845768811730287,0.08912947763815528,0.06203920500300654
2025-02-24,neutral,0.11951366978189132,0.15991932290038965,0.06857539276069195,0.04087381945280581
2025-02-25,extreme_fear,0.17237720393837125,0.4416971465780807,0.3809915759942702,0.3625815972342951
2025-02-26,extreme_fear,0.18358750405291485,0.5014512666809771,0.4472429008550269,0.43080330801583444
2025-02-27,extreme_fear,0.1835535259096283,0.5012701534160268,0.4470420947226271,0.4305965296922835
2025-02-28,extreme_fear,0.19094700106996343,0.5406795000164172,0.4907365114369328,0.45703544368052684
2025-03-01,extreme_fear,0.190050140745961,0.5358989768396614,0.4854361908323913,0.4475518413747433
2025-03-02,fear,0.2116286039787787,0.6509183849264196,0.6129619272556843,0.584466558284867
2025-03-03,fear,0.22591472807282492,0.727067530462054,0.6973909468791498,0.6751115970429781
2025-03-04,extreme_fear,0.22839600786633807,0.7402934645829543,0.7120549676449457,0.6908552446252115
2025-03-05,extreme_fear,0.23189922855811745,0.7589666372745544,0.7327585179280373,0.7130830772615596
2025-03-06,extreme_fear,0.23018904651119537,0.7498508756637636,0.7226515783096521,0.7022320222863838
2025-03-07,fear,0.22023849680311092,0.6968115871280949,0.6638452043038255,0.6390960759641954
2025-03-08,fear,0.21732612436874488,0.6812878053872563,0.6466334855903919,0.6206171582078261
2025-03-09,fear,0.21840079432745613,0.68701610499812,0.6529846365698654,0.6274359076053732
2025-03-10,extreme_fear,0.21203374640780742,0.6530779104623644,0.6153562630367252,0.5870371751253836
2025-03-11,extreme_fear,0.20952508667665098,0.6397060334081234,0.6005304306222725,0.5711198026411031
2025-03-12,fear,0.20777670279225455,0.6303866450289795,0.5901977234223836,0.5600263581265604
2025-03-13,fear,0.20922314584136326,0.6380966020145477,0.5987460020018983,0.5692039968888123
2025-03-14,fear,0.20963112149525456,0.6402712294529381,0.6011570817504384,0.5717925904580615
2025-03-15,neutral,0.21486001578364727,0.668142738165592,0.6320591245702764,0.6049697714984357
2025-03-16,fear,0.21728237530999378,0.6810546103358937,0.6463749346975474,0.6203395717120056
2025-03-17,fear,0.2156475157435347,0.6723403391845951,0.6367131405321369,0.6099664356682335
2025-03-18,fear,0.21461604412115606,0.666842299116392,0.6306172857521027,0.6034217784488993
2025-03-19,fear,0.21454792940231732,0.6664792280970012,0.6302147371745023,0.6029895925537965
2025-03-20,neutral,0.1994711503887699,0.5861156647012662,0.5411130562137482,0.5073278714995862
2025-03-21,fear,0.20208488238867284,0.6000476071330627,0.5565598512196975,0.5239119244501871
2025-03-22,fear,0.19708297018628884,0.5733859781461955,0.5269992411683031,0.4921749380944042
2025-03-23,fear,0.18777382891494482,0.5237655808420181,0.47198350240655823,0.43310870950848723
2025-03-24,fear,0.1826954777572631,0.49669651026404893,0.4419711486901682,0.40088672022118993
2025-03-25,neutral,0.1830654526129889,0.49866858253135693,0.44415764897174415,0.4032341998395958
2025-03-26,neutral,0.18623077392751558,0.5155406544705465,0.4628642606194843,0.4233180708285592
2025-03-27,fear,0.17114736552163634,0.4351417545091926,0.3737234008659668,0.3276142864742611
2025-03-28,fear,0.1679931024593489,0.4183286262312503,0.35508214196115123,0.30760057977172167
2025-03-29,fear,0.16624326754200355,0.4090015034296363,0.34474085935700916,0.29649792849563705
2025-03-30,fear,0.162013831097504,0.38645739214894714,0.31974547430938316,0.2696622781881892
2025-03-31,fear,0.13764021126468629,0.2565389963922586,0.1757007485592082,0.11501237455603626
2025-04-01,fear,0.13689132300300705,0.25254720681706466,0.17127492239916178,0.11026070047995153
2025-04-02,fear,0.14753389554964047,0.30927517588635767,0.2341710557708674,0.17778751143476013
2025-04-03,extreme_fear,0.14213036353676567,0.2804727979323298,0.20223692812730595,0.14350225914986242
2025-04-04,fear,0.1381558767626389,0.25928764163660895,0.17874826040771094,0.11828425703027685
2025-04-05,fear,0.1395815121000184,0.2668866875410259,0.18717356828570153,0.12732987147132405
2025-04-06,fear,0.1475293101844059,0.3092507345723748,0.23414395689584563,0.1777584174267093
2025-04-07,extreme_fear,0.1857521666242398,0.5129895400498931,0.4600357575815578,0.42028132151364683
2025-04-08,extreme_fear,0.18160900971224128,0.4909053234637983,0.435550272650624,0.39399311231171535
2025-04-09,extreme_fear,0.20867371894762415,0.6351679988316895,0.5954989649687753,0.5657178993475985
2025-04-10,fear,0.20509205832599997,0.616076718779812,0.5743318455375697,0.5429923676548684
2025-04-11,extreme_fear,0.2019002331836279,0.5990633738241931,0.5554685999290347,0.5227403306548534
2025-04-12,fear,0.19992447184610662,0.5885319982989525,0.54379212339567,0.5102041828629529
2025-04-13,fear,0.20461435437192427,0.6135304194699089,0.5715086811686088,0.5399613500641601
2025-04-14,fear,0.2051984518459964,0.6166438268060983,0.574960616541409,0.5436674314216535
2025-04-15,fear,0.20738790240783475,0.628314227285539,0.587899966867163,0.5575594310802254
2025-04-16,fear,0.20522211264957926,0.6167699456864651,0.5751004486216048,0.543817558527067
2025-04-17,fear,0.20516771439797193,0.6164799873778811,0.5747789624702734,0.5434724032146212
2025-04-18,fear,0.20240537699424338,0.6017559354523686,0.5584539300590523,0.5259454533312511
2025-04-19,fear,0.20145256800742806,0.5966771898299014,0.5528229605871596,0.5198999082295572
2025-04-20,fear,0.20426510872641157,0.6116688398481195,0.5694446876554424,0.5377453966771394
2025-04-21,fear,0.19987197937223616,0.5882521983331974,0.543481900127461,0.5098711196544036
2025-04-22,neutral,0.20568795852166288,0.6192530380127633,0.5778535333643062,0.5467733369350065
2025-04-23,greed,0.2057682845383266,0.6196811987576201,0.5783282490249382,0.5472830031569877
2025-04-24,greed,0.20861448513954922,0.6348522656179756,0.5951489013468014,0.5653420625710596
2025-04-25,greed,0.2019685736764633,0.5994276482838463,0.5558724827997625,0.5231739490793491
2025-04-26,greed,0.20217275829763892,0.6005160109728224,0.5570791857007426,0.5244694945175964
2025-04-27,greed,0.1984049139390498,0.5804323181161016,0.534811746107238,0.5005626324694655
2025-04-28,neutral,0.20265575924499152,0.6030905447786102,0.5599336545681368,0.5275341213754315
2025-04-29,greed,0.16426270039569055,0.39844451156292426,0.33303598115765626,0.2839312879877751
2025-04-30,greed,0.16415197578718288,0.3978543175906389,0.33238161401909905,0.289163925215097
2025-05-01,neutral,0.15808840895835377,0.365533764452928,0.29654677180372446,0.24988454967561224
2025-05-02,greed,0.15572105429970093,0.35291508402921906,0.28255603284504494,0.2376494206454409
2025-05-03,greed,0.15606563015191316,0.35475177231118,0.2845924285249847,0.31098746083414236
2025-05-04,greed,0.16004422192300094,0.37595880941998566,0.30810535620947255,0.3448376877456644
2025-05-05,neutral,0.15746633118597209,0.36221791121577757,0.2928703781152766,0.3229047548331532
2025-05-06,greed,0.15979886002937774,0.3746509600394669,0.3066553013173834,0.3427501260523683
2025-05-07,greed,0.15998022872161172,0.3756177072726293,0.30772716523056937,0.3442932276672112
2025-05-08,greed,0.16576329196435813,0.40644309571351517,0.34190427000659895,0.3934960648200983
2025-05-09,greed,0.1615347134125888,0.38390355724753333,0.316913954986482,0.3575189272482654
2025-05-10,greed,0.15695900058330642,0.3595136933577534,0.2898721243463698,0.3185883391244119
2025-05-11,greed,0.15483263038166634,0.3481795293198806,0.2773055702341987,0.30049698470436886
2025-05-12,greed,0.13029279132441662,0.2173751373455498,0.13227851183249553,0.09170976343260205
2025-05-13,greed,0.1279294281933212,0.20477773291040705,0.11831136225021048,0.07160205124074968
2025-05-14,greed,0.12822013669104707,0.2063272927179547,0.12002940930745491,0.07407542603749029
2025-05-15,greed,0.12638063341366082,0.19652221179741736,0.1091581990840608,0.058424761951642534
2025-05-16,greed,0.12209400367994652,0.17367324385473892,0.08382480959900625,0.02195371955257931
2025-05-17,greed,0.12346359715436844,0.18097357052989882,0.09191891780966704,0.033606347555941024
2025-05-18,greed,0.12546906068237476,0.1916632672632629,0.10377093018514082,0.05066901680969939
2025-05-19,greed,0.12821355755973105,0.20629222405798903,0.11999052755035068,0.07401945017951302
2025-05-20,greed,0.1276959166613863,0.20353304936205605,0.11693134135845204,0.06961531352116392
2025-05-21,greed,0.14123809048162608,0.2757167262164425,0.1969637176479664,0.18483338138668373
2025-05-22,greed,0.13944252505476606,0.2661458466616653,0.18635217405072443,0.16955654459850583
2025-05-23,extreme_greed,0.14092644297805057,0.27405555549236355,0.1951219239590857,0.18218185559077224
2025-05-24,greed,0.1369867901738235,0.2530560742633028,0.1718391201889331,0.14866292501216724
2025-05-25,greed,0.1378040146998858,0.2574121157592843,0.17666880423013814,0.15561594689440625
2025-05-26,greed,0.13961716510298333,0.2670767282892153,0.1873842726074018,0.17104239828748016
2025-05-27,greed,0.14115562037347315,0.27527713684799415,0.19647633070286108,0.1841317180758909
2025-05-28,greed,0.12776164635431772,0.20388340750819126,0.11731979476245571,0.07017454783032877
2025-05-29,greed,0.1275314036918504,0.20265614797318252,0.11595909243762334,0.06821562195462855
2025-05-30,greed,0.1218213540922223,0.17221994322545947,0.08221348820485071,0.01963399163305106
2025-05-31,neutral,0.12239931380637305,0.1753006345380136,0.08562915026450911,0.02455132635733519
2025-06-01,greed,0.1231882447511527,0.1795058631175853,0.09029162314937783,0.03126362383213019
2025-06-02,greed,0.12513276409943525,0.18987070986499208,0.10178346384273813,0.047807774365878686
2025-06-03,greed,0.12569420577603338,0.19286335529209286,0.10510150658259437,0.05258457209831761
2025-06-04,greed,0.12615488313785578,0.19531889797389035,0.1078240461437339,0.05650405771732747
2025-06-05,greed,0.12687601496042045,0.19916273775474033,0.11208583558344566,0.0626395139871371
2025-06-06,fear,0.12595638963182923,0.19426087056360114,0.10665097694699985,0.054815256602247196
2025-06-07,neutral,0.12797169199140238,0.20500301109571364,0.1185611354576996,0.07196163554532367
2025-06-08,greed,0.13192426239851957,0.22607134685914473,0.14192028047623553,0.10559047028453175
2025-06-09,greed,0.13827061648160352,0.2598992373010898,0.17942635629434062,0.15958583802604837
2025-06-10,greed,0.11991466470025859,0.162056741013013,0.07094521732674411,0.003411701867917019
2025-06-11,greed,0.11533711267033994,0.1376570736554766,0.04389251726497567,0.0
2025-06-12,greed,0.10143015542868387,0.06352899637004587,-0.03829567864659462,0.0
2025-06-13,greed,0.10691941927203173,0.09278834960951518,0.03124427037895892,0.040475723179295486
2025-06-14,greed,0.11028531191542279,0.11072952435163608,0.05040255149239138,0.06529452270743655
2025-06-15,greed,0.11289414512820418,0.12463535484075237,0.06525173575459967,0.08453105677738401
2025-06-16,greed,0.11046915346508532,0.11170945262529447,0.0514489568480938,0.06665009968193572
2025-06-17,greed,0.11176724045687779,0.1186286292056739,0.05883752152714875,0.07622169457003863
2025-06-18,neutral,0.10980300932337514,0.10815871298024694,0.04765733956225779,0.06173820864393339
2025-06-19,greed,0.11005205992962903,0.10948622425877975,0.049074907509783244,0.06357461215523198
2025-06-20,neutral,0.10942574963822435,0.10614781047931966,0.045510020004970266,0.05895644062937964
2025-06-21,neutral,0.10868893771862126,0.1022203912766803,0.041316169701633716,0.05352347254037059
2025-06-22,fear,0.11645067198641429,0.14359266471321117,0.08549508530731016,0.11075551978385628
2025-06-23,neutral,0.12660733926972415,0.19773061913823986,0.1433056893892079,0.18564688320076417
2025-06-24,greed,0.125904913143037,0.193986486090185,0.13930755913900067,0.18046746274128894
2025-06-25,greed,0.12221182079704676,0.17430124293535687,0.1182868942401153,0.1532360182821155
2025-06-26,greed,0.12272048517041795,0.1770125701744068,0.12118215445483659,0.1569867139956568
2025-06-27,greed,0.12065853066252055,0.16602176028950785,0.10944574207015377,0.14178265344187324
2025-06-28,greed,0.1259738603575035,0.19435399455043093,0.13969999890362914,0.18097585301844987
2025-06-29,greed,0.12594478890078525,0.1941990353344815,0.13953452745245895,0.18076149126282534
2025-06-30,greed,0.12948058401190338,0.21304583903912858,0.15965987424012565,0.20683308632921216
2025-07-01,greed,0.13051075401437434,0.21853694109929472,0.16552348564814734,0.2144291642437688
2025-07-02,greed,0.12985954740279415,0.21506582278109015,0.16181689109823627,0.20962741681550684
2025-07-03,greed,0.12655119256480457,0.19743134107120633,0.14298610868049033,0.18523287896438403
2025-07-04,greed,0.12508551399496745,0.18961885323417985,0.13464363165050897,0.1744255281509512
2025-07-05,greed,0.1285938762313067,0.20831943183534568,0.15461283361050404,0.20029484373556233
2025-07-06,greed,0.1332103180344866,0.23292639285660952,0.18088909942747242,0.23433471243767906
2025-07-07,greed,0.13457160831270465,0.2401824611106625,0.18863741008090107,0.24437234408378614
2025-07-08,greed,0.13801244971448487,0.2585231342662593,0.20822229106974596,0.2697437869688079
2025-07-09,greed,0.13600972504740944,0.24784803644847617,0.1968230082554311,0.25497646451133005
2025-07-10,greed,0.1452009382520198,0.29683984327861596,0.2491383566647652,0.32274894037847685
2025-07-11,greed,0.14779423154399363,0.3106628415255232,0.26389908945128654,0.34187088904120305
2025-07-12,extreme_greed,0.14519345505444523,0.2967999556857723,0.2490957631485868,0.3226937621538245
2025-07-13,greed,0.13371540301110027,0.2356186408826536,0.1837639861197548,0.23805901505436058
2025-07-14,greed,0.14226863227125228,0.28120981000895295,0.23244800190836826,0.3011272423618349
2025-07-15,greed,0.15579118300433015,0.3532888901714506,0.3094168347746335,0.4008373375166388
2025-07-16,greed,0.15407795121129964,0.3441568725377716,0.29966531273253993,0.3882046243194574
2025-07-17,greed,0.15356020163889703,0.34139711857789035,0.2967183405901203,0.3843869378378425
2025-07-18,greed,0.14790754373744786,0.3112668280689345,0.2645440496700975,0.3427064096330307
2025-07-19,greed,0.1498865070370286,0.3218152709718109,0.27580808546190366,0.3572985248932371
2025-07-20,greed,0.14793760111026627,0.3114270425009316,0.2647151328444575,0.34292804115529196
2025-07-21,greed,0.1446635943171162,0.29397564573754065,0.24607985562204937,0.3187867725938862
2025-07-22,greed,0.1431252870949004,0.28577602631859367,0.23732398449826278,0.30744388599415173
2025-07-23,greed,0.14233218105412965,0.28154854327796874,0.2328097144095592,0.301595826677971
2025-07-24,greed,0.13883393657527393,0.2629018952308171,0.21289810158345626,0.27580111555085823
2025-07-25,greed,0.14041632363406711,0.2713364728419666,0.2219048701630016,0.28746902993464746
2025-07-26,greed,0.13814211043935162,0.2592142631787016,0.20896030528456241,0.27069985535187413
2025-07-27,greed,0.13812161108784216,0.2591049957461073,0.2088436252889504,0.270548701007552
2025-07-28,greed,0.13685022346539857,0.252328134474546,0.20160703040742944,0.26117397701392014
2025-07-29,greed,0.1351646740117276,0.2433436716622293,0.19201307311725063,0.248745382754514
2025-07-30,greed,0.12445188656935241,0.18624143702731394,0.13103709584344783,0.16975340288791
2025-07-31,greed,0.122436524902739,0.17549898037163914,0.11956588465374217,0.1548929000496538
2025-08-01,greed,0.11720888083747201,0.14763413570740913,0.08981072453002224,0.11634626062694664
2025-08-02,neutral,0.11156789833302674,0.11756607841858939,0.05770288865227506,0.07475182231517416
2025-08-03,neutral,0.11547517317997827,0.1383929758338396,0.0799426561779335,0.10356256626990085
2025-08-04,greed,0.11151304840397003,0.11727371253944237,0.057390689045438606,0.07728186253981652
2025-08-05,greed,0.11366396807787986,0.12873873231707955,0.06963348111609152,0.09376791262293456
2025-08-06,neutral,0.1178996641926534,0.15131620943860563,0.0937425854386078,0.1262330479471616
2025-08-07,greed,0.12232570618402416,0.1749082847649136,0.11893511701178011,0.16015711811342895
2025-08-08,greed,0.12025915167780837,0.1638929555674912,0.1071725219557402,0.14431769765425517
2025-08-09,greed,0.12280785268941072,0.17747826414955856,0.12167944051425181,0.16385260313391525
2025-08-10,greed,0.12636134550826775,0.19641940172064734,0.1419055206573305,0.19108888782286784
2025-08-11,greed,0.12661659386942287,0.19777994881329325,0.1433583655263891,0.19304527760193754
2025-08-12,greed,0.12502869378957082,0.18931598521612059,0.13432021745307487,0.1808745765939159
2025-08-13,greed,0.12794953836323034,0.2048849258932676,0.1509453351735367,0.20326183285013114
2025-08-14,greed,0.12147533178175077,0.17037554490543824,0.11409488187165771,0.15363929452599706
2025-08-15,greed,0.1165033975490482,0.14387370710903716,0.08579519326018496,0.1155311504774064
2025-08-16,greed,0.11728868932926956,0.1480595378960548,0.09026498545961506,0.12155013843666242
2025-08-17,greed,0.12285605272014849,0.17773518416028436,0.12195378965024208,0.16422203958028253
2025-08-18,greed,0.12399154681420671,0.18378769388609084,0.12841689390263825,0.17292520629115307
2025-08-19,greed,0.126561597723666,0.19748680355712928,0.1430453336705946,0.19262375130120019
2025-08-20,fear,0.12642118946850808,0.19673838722068715,0.1422461457261296,0.19154757093300973
2025-08-21,neutral,0.12580932377186987,0.19347696728097213,0.13876347522477603,0.1868578334959146
2025-08-22,neutral,0.13210983847535546,0.22706052066093171,0.17462529395678464,0.2351490840763113
2025-08-23,greed,0.12819141414037472,0.20617419327146347,0.15232206480339008,0.2051157264307533
2025-08-24,neutral,0.127263415097369,0.20122769177689626,0.14703999896750883,0.19800293701064997
2025-08-25,neutral,0.12987055592491378,0.21512450136651345,0.16187955036392182,0.21798576332350605
2025-08-26,neutral,0.1265854065219745,0.19761371129189964,0.14318085066394354,0.19280623744705405
2025-08-27,neutral,0.1235364877073985,0.18136209811752996,0.12582674881628877,0.16943733674557301
2025-08-28,neutral,0.12312647235488067,0.1791765984994959,0.1234929876965503,0.16629471188679845
2025-08-29,neutral,0.12379122517485856,0.1827199220000118,0.12727668573608514,0.17138981070242673
2025-08-30,fear,0.1262858008951393,0.19601672723023403,0.14147552924397924,0.19050986467725614
2025-08-31,neutral,0.12872670504349834,0.2090274475633571,0.15536888022088172,0.20921854474841378
2025-09-01,neutral,0.1310112127514357,0.22120452993950002,0.16837204030693034,0.22672850058040617
2025-09-02,neutral,0.13118087868453768,0.22210889810452286,0.16933775965276948,0.2280289308588803
2025-09-03,neutral,0.12480628480699935,0.18813048144541442,0.133054290621266,0.17916988921293917
2025-09-04,neutral,0.1254325818008217,0.19146882434494059,0.1366191024377409,0.18397023751618058
2025-09-05,neutral,0.12102473957437188,0.16797375899408543,0.1115301618728078,0.15018566220861349
2025-09-06,neutral,0.12209003827128148,0.1736521070873726,0.11759372184559577,0.15835080565109633
2025-09-07,fear,0.1279681941953803,0.20498436683806998,0.15105152206498015,0.2034048233052826
2025-09-08,neutral,0.12434470441902548,0.18567012537480848,0.1304270271383935,0.1756320363187445
2025-09-09,neutral,0.1223461862044864,0.17501744915747278,0.11905168697725263,0.16031409033658495
2025-09-10,neutral,0.11898035550250871,0.15707660458087966,0.09989375842735551,0.13451617040625352
2025-09-11,neutral,0.11182537951014457,0.11893852706175936,0.0591684424578388,0.07967577167615787
2025-09-12,greed,0.10957145890813863,0.10692448274728755,0.04633938072725354,0.06240025535690032
2025-09-13,neutral,0.11068268833873611,0.11284765484610144,0.05266437325329489,0.07091744187431406
2025-09-14,neutral,0.10454780977572525,0.08014698967878361,0.017745336742219446,0.02389573461557797
2025-09-15,neutral,0.10300670692094614,0.07193246873514547,0.008973553193346102,0.012083718037133822
2025-09-16,neutral,0.1034534365330309,0.07431366590393511,0.011516287735643326,0.015507744907023368
2025-09-17,neutral,0.10216151814620889,0.06742736976016357,0.004162834060004852,0.005605640478486828
2025-09-18,neutral,0.08951166153976717,0.0,-0.06783872231365887,0.0
2025-09-19,neutral,0.09416248344030262,0.02479021681687514,0.02479021681687514,0.03266311798091243
2025-09-20,neutral,0.10068247131482115,0.05954362524864127,0.05954362524864127,0.07845354765851388
2025-09-21,neutral,0.10818664357409427,0.09954301918740781,0.09954301918740781,0.13115598802190612
2025-09-22,fear,0.11289505003073376,0.1246401782311952,0.1246401782311952,0.16422352724064063
2025-09-23,fear,0.11202928364125204,0.12002539465809302,0.12002539465809302,0.15814317621273002
2025-09-24,fear,0.11162398101061008,0.11786501520152698,0.11786501520152698,0.1552967013474791
2025-09-25,fear,0.11868794713386985,0.15551798397302719,0.15551798397302719,0.2049075365571951
2025-09-26,fear,0.11174917718807159,0.11853234679372524,0.11853234679372524,0.15617596475567666
2025-09-27,fear,0.11043199014828571,0.11151136147048366,0.11151136147048366,0.146925248085898
2025-09-28,fear,0.11379742699411344,0.12945010668065057,0.12945010668065057,0.170560997444506
2025-09-29,neutral,0.11422561347678284,0.13173246364259047,0.13173246364259047,0.17356818754990486
2025-09-30,neutral,0.11149518712802536,0.11717850680747416,0.11717850680747416,0.15439217095004548
2025-10-01,neutral,0.12015121079528536,0.1633175996544122,0.1633175996544122,0.21518416177143823
2025-10-02,greed,0.12442840831761434,0.1861162912007234,0.1861162912007234,0.24522328394969525
2025-10-03,greed,0.1280487688317064,0.2054138527971507,0.2054138527971507,0.270649383923898
2025-10-04,greed,0.12608155190885073,0.19492802145671526,0.19492802145671526,0.25683345206938324
2025-10-05,greed,0.1266491730258485,0.19795360507637424,0.19795360507637424,0.26081990347721307
2025-10-06,greed,0.12392487109737126,0.1834322931607736,0.1834322931607736,0.2416868992021548
2025-10-07,greed,0.12734166311188366,0.20164477617333065,0.20164477617333065,0.2656833202806333
2025-10-08,greed,0.12681853274543936,0.19885634103541394,0.19885634103541394,0.26200933119999337
2025-10-09,greed,0.12591209387521526,0.19402476145557418,0.19402476145557418,0.2556433338787014
2025-10-10,greed,0.19007569244512096,0.5360351747366702,0.5360351747366702,0.7062697467988447
2025-10-11,fear,0.18487564208251772,0.5083174124347504,0.5083174124347504,0.6697493505908452
2025-10-12,extreme_fear,0.18833674860579924,0.5267661045097084,0.5267661045097084,0.6940569962354644
2025-10-13,fear,0.18616678074738802,0.5151995524365208,0.5151995524365208,0.6788171273069393
2025-10-14,fear,0.18307196364445621,0.4987032881995653,0.4987032881995653,0.657081963431761
2025-10-15,fear,0.17897063617677997,0.4768420345684611,0.4768420345684611,0.6282779916134371
2025-10-16,fear,0.17457562453811945,0.4534153599364912,0.4534153599364912,0.5974114508704935
2025-10-17,extreme_fear,0.16621748738190278,0.40886408777018085,0.40886408777018085,0.5387115423655642
2025-10-18,extreme_fear,0.16008782957922,0.3761912507552304,0.3761912507552304,0.4956624339985898
2025-10-19,fear,0.15764671760385013,0.3631794226444352,0.3631794226444352,0.47851829686296987
2025-10-20,fear,0.15682000593605783,0.3587728119575688,0.3587728119575688,0.47271223046894434
2025-10-21,fear,0.15499230873352693,0.3490306608076569,0.3490306608076569,0.459876157483054
2025-10-22,extreme_fear,0.15451933003620957,0.34650954847374654,0.34650954847374654,0.45655438784247576
2025-10-23,fear,0.16113569303928912,0.38177666402736715,0.38177666402736715,0.5030216682492465
2025-10-24,fear,0.16128374758383063,0.38256583728284804,0.38256583728284804,0.5040614679146375
2025-10-25,fear,0.17144844043827107,0.43674657030758696,0.43674657030758696,0.5754489708216185
2025-10-26,fear,0.17770865706874703,0.4701153233815843,0.4701153233815843,0.619415004946418
2025-10-27,neutral,0.17635809542416261,0.46291644182691793,0.46291644182691793,0.6099298955870428
2025-10-28,neutral,0.17560968069757568,0.458927176329803,0.458927176329803,0.6046737152739788
2025-10-29,neutral,0.17575609279128424,0.45970759485050144,0.45970759485050144,0.6057019798674014
2025-10-30,fear,0.1350411462235176,0.24268523306403603,0.24268523306403603,0.31975744538062645
2025-10-31,fear,0.1292070023264231,0.21158757006103646,0.21158757006103646,0.2787837563201018
2025-11-01,fear,0.12573020295829856,0.19305523061482835,0.19305523061482835,0.2543658984907278
2025-11-02,fear,0.12630536611191842,0.19612101545635763,0.19612101545635763,0.2584053182635633
2025-11-03,fear,0.12652472759784672,0.1972902751944715,0.1972902751944715,0.2599459126463582
2025-11-04,extreme_fear,0.14647319885735519,0.30362135779978094,0.30362135779978094,0.40004572386749937
2025-11-05,extreme_fear,0.14734695875149495,0.30827874904908265,0.30827874904908265,0.40618221395885096
2025-11-06,fear,0.146785617346829,0.30528663810018647,0.30528663810018647,0.40223986550511537
2025-11-07,extreme_fear,0.14416901043352287,0.2913393715540465,0.2913393715540465,0.3838632124861836
2025-11-08,extreme_fear,0.1448127829662795,0.2947708640964611,0.2947708640964611,0.38838448176718526
2025-11-09,extreme_fear,0.1489015240175276,0.3165650285121805,0.3165650285121805,0.4171000581118612
2025-11-10,fear,0.14734074923492624,0.30824565054190295,0.30824565054190295,0.40613860399557433
2025-11-11,fear,0.1503853978396525,0.3244745022710286,0.3244745022710286,0.42752143023864003
2025-11-12,extreme_fear,0.14905708520706934,0.3173942143420199,0.3173942143420199,0.4232764468816074
2025-11-13,extreme_fear,0.15070456084774753,0.326175732793249,0.326175732793249,0.46809745822049326
2025-11-14,extreme_fear,0.1533491027511592,0.340271900861809,0.340271900861809,0.49528955491187515
2025-11-15,extreme_fear,0.15111387039159335,0.3283574702482967,0.3283574702482967,0.4779472676978878
2025-11-16,extreme_fear,0.15170706835169528,0.33151938578941037,0.33151938578941037,0.4867735725713776
2025-11-17,extreme_fear,0.1512560671440643,0.3291154197892165,0.3291154197892165,0.4832438027648003
2025-11-18,extreme_fear,0.15139952765601872,0.3298801055312356,0.3298801055312356,0.48436659927834563
2025-11-19,extreme_fear,0.15322046456900765,0.3395862223957945,0.3395862223957945,0.4986181977805154
2025-11-20,extreme_fear,0.15849455608451585,0.3676986453132227,0.3676986453132227,0.539895978579273
2025-11-21,extreme_fear,0.1665866422957717,0.41083178951183896,0.41083178951183896,0.6032288501934056
2025-11-22,extreme_fear,0.16722038650878268,0.41420982822907587,0.41420982822907587,0.6081888617196044
2025-11-23,extreme_fear,0.17246225189886444,0.44215047664006746,0.44215047664006746,0.6576289579416004
2025-11-24,extreme_fear,0.16822715360291055,0.4195761860645913,0.4195761860645913,0.6291985175813773
2025-11-25,extreme_fear,0.17013439095406704,0.4297423090569529,0.4297423090569529,0.6447947526946887
2025-11-26,extreme_fear,0.17660804364945465,0.46424873767279184,0.46424873767279184,0.7309070018116753
2025-11-27,extreme_fear,0.18052276101966186,0.48511530587508117,0.48511530587508117,0.7637590476336795
2025-11-28,extreme_fear,0.17908721598053925,0.4774634384135167,0.4774634384135167,0.7517120498698766
2025-11-29,fear,0.18363016207695512,0.5016786462038988,0.5016786462038988,0.7898361490608354
2025-11-30,fear,0.18858613115752879,0.5280953851529877,0.5280953851529877,0.8314263094556902
2025-12-01,extreme_fear,0.1883075096740099,0.5266102526035177,0.5266102526035177,0.8290881366381023
2025-12-02,extreme_fear,0.19298083037105782,0.5515203944692534,0.5515203944692534,0.8683063307403786
2025-12-03,fear,0.19267318032949543,0.5498805313660943,0.5498805313660943,0.8657245522090682
2025-12-04,fear,0.18342332699768718,0.5005761558118678,0.5005761558118678,0.7881004029368824
2025-12-05,fear,0.17876489002948254,0.475745348496661,0.475745348496661,0.7490071120896108
2025-12-06,extreme_fear,0.18393543578803379,0.5033058427829079,0.5033058427829079,0.7923979855859786
2025-12-07,extreme_fear,0.1849242325613541,0.5085764136460096,0.5085764136460096,0.8006959018424591
2025-12-08,extreme_fear,0.18441435930158584,0.5058586426951747,0.5058586426951747,0.79641707961616
2025-12-09,extreme_fear,0.18535963185037452,0.5108972169378937,0.5108972169378937,0.8043497434971912
2025-12-10,fear,0.17685151386430814,0.46554650386202695,0.46554650386202695,0.7329501875383212
2025-12-11,fear,0.12413984276566825,0.1845781539098069,0.1845781539098069,0.2905973762049015
2025-12-12,fear,0.12713818279364586,0.20056016762134524,0.20056016762134524,0.3157592447828765
2025-12-13,extreme_fear,0.13523711845094716,0.243729821335091,0.243729821335091,0.38372497006052086
2025-12-14,extreme_fear,0.1414634043088257,0.27691771364351975,0.27691771364351975,0.43597554371894454
2025-12-15,extreme_fear,0.14304475018887675,0.28534674147286415,0.28534674147286415,0.44924609236882695
2025-12-16,extreme_fear,0.1392890237012615,0.2653276403496533,0.2653276403496533,0.4177282873785985
2025-12-17,extreme_fear,0.1375816031154489,0.256226598119888,0.256226598119888,0.4036003523913911
2025-12-18,extreme_fear,0.1372763678174952,0.2545996062938702,0.2545996062938702,0.40103756430015847
2025-12-19,extreme_fear,0.13334903873388704,0.2336658140360637,0.2336658140360637,0.3680632907698763
2025-12-20,extreme_fear,0.13742978474417494,0.2554173625866518,0.2554173625866518,0.40232566916654916
2025-12-21,extreme_fear,0.13007008147628768,0.21618802987498975,0.21618802987498975,0.3405328161892102
2025-12-22,extreme_fear,0.11831071669069519,0.15350723734023333,0.15350723734023333,0.2417999362273786
2025-12-23,extreme_fear,0.11714507802369761,0.14729404838073426,0.14729404838073426,0.2320131097545282
2025-12-24,extreme_fear,0.12042972143537654,0.16480214137656934,0.16480214137656934,0.25959132589083267
2025-12-25,extreme_fear,0.12062499610873478,0.165843011484031,0.165843011484031,0.26123087285921026
2025-12-26,extreme_fear,0.11651108739226004,0.1439146961824926,0.1439146961824926,0.2266900568471685
2025-12-27,extreme_fear,0.12162166125268196,0.1711555230229975,0.1711555230229975,0.2695989796246405
2025-12-28,extreme_fear,0.12744884975727133,0.2022161117858012,0.2022161117858012,0.3185246753257795
2025-12-29,extreme_fear,0.12470963492816219,0.1876153098256579,0.1876153098256579,0.29552593569628377
2025-12-30,extreme_fear,0.12784937493618587,0.20435102605219482,0.20435102605219482,0.32188752741281657
2025-12-31,extreme_fear,0.1300080323454626,0.21585729018223238,0.21585729018223238,0.34001184507408716
2026-01-01,extreme_fear,0.13401162703802527,0.2371976000453326,0.2371976000453326,0.3933034634665114
2026-01-02,fear,0.12907554319712083,0.21088685513630767,0.21088685513630767,0.3496769381680864
2026-01-03,fear,0.12695176331089644,0.1995664982237457,0.1995664982237457,0.3309063621566227
2026-01-04,extreme_fear,0.12439269154157197,0.18592591052371055,0.18592591052371055,0.30828855158384627
2026-01-05,fear,0.12507345607383488,0.1895545810505465,0.1895545810505465,0.3436945994226764
2026-01-06,fear,0.12205832748706612,0.17348307949763808,0.17348307949763808,0.31455424176033725
2026-01-07,fear,0.12056054213479887,0.16549945328663013,0.16549945328663013,0.3000785736054164
2026-01-08,fear,0.11424968461898577,0.13186076974568417,0.13186076974568417,0.23908593601978803
