date,open,high,low,close,volume,trades,returns,volatility,fear_greed_value,fear_greed_class,macro_sentiment,sentiment_momentum,price_sentiment_corr,regime,cs_spread,ar_spread,realized_vol,parkinson_vol,total_uncertainty
2022-01-01,46216.93,47954.63,46208.37,47722.65,19604.46325,714899,,,21,Extreme Fear,-0.58,,,extreme_fear,,,,,
2022-01-02,47722.66,47990.0,46654.0,47286.18,18340.4604,709624,-0.009188052743592882,,29,Fear,-0.42,0.1599999999999999,,fear,212.08995762969124,,,,
2022-01-03,47286.18,47570.0,45696.0,46446.1,27662.0771,885624,-0.01792557472959721,,29,Fear,-0.42,0.0,,fear,3.271335848772295,126.51532462239285,,,
2022-01-04,46446.1,47557.54,45500.0,45832.01,35491.4136,1021815,-0.013309745191831738,,23,Extreme Fear,-0.54,-0.12,,extreme_fear,368.65353864118293,235.98319450354944,,,
2022-01-05,45832.01,47070.0,42500.0,43451.13,51784.11857,1478532,-0.0533458970167032,,24,Extreme Fear,-0.52,0.02,,extreme_fear,0.0,617.8537569330645,,,
2022-01-06,43451.14,43816.0,42430.58,43082.31,38880.37305,1150707,-0.00852438625717462,,15,Extreme Fear,-0.7,-0.1799999999999999,,extreme_fear,79.66615328822535,586.371051514039,,,
2022-01-07,43082.3,43145.83,40610.0,41566.48,54836.50818,1406635,-0.03581839879060997,,18,Extreme Fear,-0.64,0.0599999999999999,,extreme_fear,0.0,237.47830744738937,,,
2022-01-08,41566.48,42300.0,40501.0,41679.74,32952.73111,1021908,0.0027210861918856148,0.0185381943253418,10,Extreme Fear,-0.8,-0.16,-0.3168883083783274,extreme_fear,272.5700150946154,240.81301481824045,,,
2022-01-09,41679.74,42786.7,41200.02,41864.62,22724.39426,752733,0.00442591939892638,0.0203628791411001,23,Extreme Fear,-0.54,0.26,-0.3525398710215881,extreme_fear,64.96346025710614,29.882542318446824,,,
2022-01-10,41864.62,42248.5,39650.0,41822.49,50729.17019,1250983,-0.0010068457032168852,0.0212332632675822,23,Extreme Fear,-0.54,0.0,-0.310354131825418,extreme_fear,0.0,0.0,,,
2022-01-11,41822.49,43100.0,41268.93,42729.29,37296.43729,1015526,0.02145040043967803,0.0253325522480431,21,Extreme Fear,-0.58,-0.0399999999999999,-0.1896970597763405,extreme_fear,0.0,223.80502804101314,,,
2022-01-12,42729.29,44322.0,42450.0,43902.66,33943.2928,1023902,0.027090276943410884,0.0205872312247532,22,Extreme Fear,-0.56,0.0199999999999999,0.3081600629399799,extreme_fear,0.0,337.89043815898685,,,
2022-01-13,43902.65,44500.0,42311.22,42560.11,34910.87762,1036234,-0.03105748088409937,0.0238388719948226,21,Extreme Fear,-0.58,-0.0199999999999999,0.1463084479456476,extreme_fear,384.8287073992396,438.48673481563753,,,
2022-01-14,42558.35,43448.78,41725.95,43059.96,32640.88292,946938,0.011676133382902501,0.0188656294131826,21,Extreme Fear,-0.58,0.0,0.0689423106771933,extreme_fear,7.087434575509517,384.60590564064785,,,
2022-01-15,43059.96,43800.0,42555.0,43084.29,21936.05616,752688,0.0005648665034966843,0.0189305731588472,23,Extreme Fear,-0.54,0.0399999999999999,0.0101061153951214,extreme_fear,28.332641737331283,158.76901870643323,,,
2022-01-16,43084.29,43475.0,42581.79,43071.66,20602.35271,732171,-0.0002931892710942959,0.019034005695553,21,Extreme Fear,-0.58,-0.0399999999999999,0.0502130274586926,extreme_fear,161.6307723329857,0.0,,,
2022-01-17,43071.66,43176.18,41540.42,42201.62,27562.08613,918029,-0.020406631301085873,0.0211751633145071,22,Extreme Fear,-0.56,0.0199999999999999,0.0246075218622652,extreme_fear,0.0,123.47813795521577,,,
2022-01-18,42201.63,42691.0,41250.0,42352.12,29324.08257,905061,0.0035598699462948903,0.0193208328155494,24,Extreme Fear,-0.52,0.04,0.2004068085391551,extreme_fear,145.8373908981725,146.98146732974016,,,
2022-01-19,42352.12,42559.13,41138.56,41660.01,31685.72159,924528,-0.016476803005825883,0.0151757609063478,24,Extreme Fear,-0.52,0.0,0.0705676616901297,extreme_fear,271.43030707752126,147.23898368156895,,,
2022-01-20,41660.0,43505.0,40553.31,40680.91,42330.33953,1098761,-0.023782735226194826,0.0135160265084705,24,Extreme Fear,-0.52,0.0,-0.4617798103738352,extreme_fear,187.6272525296287,418.7186598978346,,0.45807378234432955,0.45807378234432955
2022-01-21,40680.92,41100.0,35440.45,36445.31,88860.891999,2092561,-0.109946159879111,0.0374368464711354,19,Extreme Fear,-0.62,-0.0999999999999999,0.7239762618838789,extreme_fear,0.0,1167.319875693975,0.4724317988185879,0.55075271835327,0.55075271835327
2022-01-22,36445.31,36835.22,34008.0,35071.42,90471.338961,2099978,-0.038426226985850784,0.036212472504898,13,Extreme Fear,-0.74,-0.12,0.4381324851701758,extreme_fear,0.0,1155.453838157539,0.48024439829183013,0.5733131200499715,0.5733131200499715
2022-01-23,35071.42,36499.0,34601.01,36244.55,44279.52354,1142407,0.032902471390134344,0.042305896716583,11,Extreme Fear,-0.78,-0.04,-0.1354455849178682,extreme_fear,391.2929108939427,444.18142786583223,0.5090809281615004,0.578192698572016,0.578192698572016
2022-01-24,36244.55,37550.0,32917.17,36660.35,91904.753211,1999352,0.011406764386201865,0.0443671956658868,13,Extreme Fear,-0.74,0.04,-0.2470965174507839,extreme_fear,251.46339697173866,457.74747630139603,0.5160081932870636,0.635779631435078,0.635779631435078
2022-01-25,36660.35,37545.14,35701.0,36958.32,49232.40183,1248246,0.008095001638556682,0.0447858326742279,12,Extreme Fear,-0.76,-0.02,-0.4445078794510702,extreme_fear,224.592802130176,318.5769135939514,0.4950573072669763,0.6069105680869948,0.6069105680869948
2022-01-26,36958.32,38919.98,36234.63,36809.34,69830.16036,1584468,-0.004039173875103207,0.0451193496739248,23,Extreme Fear,-0.54,0.2199999999999999,-0.4048536932326427,extreme_fear,27.1072414668026,177.85824347753734,0.49526135095848783,0.6219941612779714,0.6219941612779714
2022-01-27,36807.24,37234.47,35507.01,37160.1,53020.87934,1308408,0.009483987687842301,0.0459976221102037,20,Extreme Fear,-0.6,-0.0599999999999999,-0.3352882177145677,extreme_fear,0.0,238.05977661014094,0.4873959068940444,0.6168136227680544,0.6168136227680544
2022-01-28,37160.11,38000.0,36155.01,37716.56,42154.26956,1061101,0.014863650295472364,0.0219301462344729,24,Extreme Fear,-0.52,0.0799999999999999,-0.0162002711992419,extreme_fear,22.856772107835596,298.20014606634305,0.4920301618092805,0.6189770615861224,0.6189770615861224
2022-01-29,37716.57,38720.74,37268.44,38166.84,26129.49682,816601,0.011867820497437117,0.011158034346446,24,Extreme Fear,-0.52,0.0,-0.4840328713863726,extreme_fear,0.0,243.86957185128207,0.494622479292804,0.6190998210610031,0.6190998210610031
2022-01-30,38166.83,38359.26,37351.63,37881.76,21430.66527,698593,-0.007497346048860223,0.0086009432699312,29,Fear,-0.42,0.1,-0.4642943732610869,fear,201.69766583507297,98.81351561814486,0.4945295559200682,0.6067891028221926,0.6067891028221926
2022-01-31,37881.75,38744.0,36632.61,38466.9,36855.2458,936014,0.015328401493649993,0.009110496504149,20,Extreme Fear,-0.6,-0.18,-0.4175833909393228,extreme_fear,144.879056953403,246.0980136007791,0.4906574517996935,0.6114723487164901,0.6114723487164901
2022-02-01,38466.9,39265.2,38000.0,38694.59,34574.44663,917617,0.005901665736712944,0.0091003749753854,26,Fear,-0.48,0.12,-0.6190162647020189,fear,0.0,250.4815601679897,0.47772599402211363,0.6085312331464632,0.6085312331464632
2022-02-02,38694.59,38855.92,36586.95,36896.36,35794.6813,907905,-0.04758689578779582,0.0221530305582614,28,Fear,-0.44,0.0399999999999999,-0.6628071915183271,fear,0.0,469.0906867002349,0.4924570657213692,0.6125373340920711,0.6125373340920711
2022-02-03,36896.37,37387.0,36250.0,37311.61,32081.10999,848961,0.01119163707773322,0.0222787989285586,20,Extreme Fear,-0.6,-0.1599999999999999,-0.675156980842409,extreme_fear,0.0,492.50839487376123,0.4922144789102961,0.6099977976849709,0.6099977976849709
2022-02-04,37311.98,41772.33,37026.73,41574.25,64703.95874,1380724,0.108176446956934,0.0487155392310598,20,Extreme Fear,-0.6,0.0,-0.6611141798963399,extreme_fear,0.0,1047.0704038922136,0.6405075399171667,0.6590967882777246,0.6590967882777246
2022-02-05,41571.7,41913.69,40843.01,41382.59,32532.34372,1006352,-0.004620724246786973,0.0492859451166442,33,Fear,-0.34,0.2599999999999999,-0.5919705321913595,fear,0.0,1040.4454019778766,0.6405581590557246,0.6599190525621604,0.6599190525621604
2022-02-06,41382.6,42656.0,41116.56,42380.87,22405.16704,788291,0.02383682019847353,0.0485816018867663,37,Fear,-0.26,0.08,-0.3705760102710082,fear,36.69072380331575,234.28057806550768,0.64294402589262,0.6594348103345788,0.6594348103345788
2022-02-07,42380.87,44500.5,41645.85,43839.99,51060.62006,1473274,0.033849333356895696,0.0489999924119493,45,Fear,-0.1,0.16,-0.1836954073000314,fear,0.0,409.64703826786575,0.653931860231973,0.6704264029470014,0.6704264029470014
2022-02-08,43839.99,45492.0,42666.0,44042.99,64880.29387,1653350,0.004619787837026136,0.0490633937472841,48,Neutral,-0.04,0.06,-0.2494851589546467,neutral,94.34388417589318,338.53661630604154,0.6504213485782738,0.6803869227141486,0.6803869227141486
2022-02-09,44043.0,44799.0,43117.92,44372.72,34428.16729,1066395,0.007458663819307352,0.0404194441429305,54,Neutral,0.08,0.12,-0.4966975439014153,neutral,254.41266081483442,114.5964600107929,0.6429088430370502,0.6686863926967812,0.6686863926967812
2022-02-10,44372.71,45821.0,43174.01,43495.44,62357.29091,1541483,-0.019968761180241705,0.0440210751590808,50,Neutral,0.0,-0.08,-0.7599186587282895,neutral,239.76662515535364,327.6807300957404,0.49250178530154154,0.6028946994107737,0.6028946994107737
2022-02-11,43495.44,43920.0,41938.51,42373.73,44975.1687,1169354,-0.02612751026362113,0.0218400980376647,50,Neutral,0.0,0.0,-0.290877800997831,neutral,0.0,409.05946913380615,0.4785844136948316,0.5866731114180701,0.5866731114180701
2022-02-12,42373.73,43079.49,41688.88,42217.87,26556.85681,830322,-0.0036850036261710803,0.0217892717646126,44,Fear,-0.12,-0.12,-0.5233370125449331,fear,108.71005209285408,269.87399410379174,0.4723933648740118,0.5797571785135206,0.5797571785135206
2022-02-13,42217.87,42760.0,41870.0,42053.66,17732.08113,624898,-0.003897169253580327,0.0197537251303734,44,Fear,-0.12,0.0,-0.2695723878734465,fear,148.77838078531252,88.23087381729027,0.4738907215396221,0.5092449377720464,0.5092449377720464
2022-02-14,42053.65,42842.4,41550.56,42535.94,34010.1306,867622,0.011402943760908854,0.013957966341822,46,Fear,-0.08,0.0399999999999999,-0.1270932183617004,neutral,157.61432580790157,151.13151334766795,0.47415022662414497,0.5020584374902759,0.5020584374902759
2022-02-15,42535.94,44751.4,42427.03,44544.86,38095.19576,990694,0.046147405647282806,0.0240776262870524,46,Fear,-0.08,0.0,-0.2405660813669538,neutral,0.0,458.2655252772213,0.491752701333467,0.4916943895009037,0.4916943895009037
2022-02-16,44544.85,44549.97,43307.0,43873.56,28471.8727,823745,-0.015184910543850608,0.0247012504101448,51,Neutral,0.02,0.1,-0.5205928691712134,neutral,169.99327557856992,450.8921105686579,0.49952313763665046,0.4849192814200455,0.4849192814200455
2022-02-17,43873.56,44164.71,40073.21,40515.7,47245.99494,1067658,-0.07962230741964704,0.0376679044406619,52,Neutral,0.04,0.02,-0.6828419599667156,neutral,0.0,812.6566060641849,0.587851796232485,0.516566564264412,0.516566564264412
2022-02-18,40515.71,40959.88,39450.0,39974.44,43845.92241,1025882,-0.013449303448535153,0.0370582382295982,30,Fear,-0.4,-0.44,-0.23328036907423,fear,0.0,830.3108900088912,0.5899827217616469,0.516343320093609,0.516343320093609
2022-02-19,39974.45,40444.32,39639.03,40079.17,18042.0551,586653,0.0026164981129269994,0.0372478658381595,25,Extreme Fear,-0.5,-0.0999999999999999,-0.2399695268676626,extreme_fear,121.81515811623673,126.57970865029392,0.5888432202072839,0.5150033388315293,0.5150033388315293
2022-02-20,40079.17,40125.44,38000.0,38386.89,33439.29011,811235,-0.04314075292804988,0.0395000689590415,27,Fear,-0.46,0.0399999999999999,-0.0450709745222186,fear,0.0,394.6673573686921,0.6086132183507181,0.5142167665707345,0.5142167665707345
2022-02-21,38386.89,39494.35,36800.0,37008.16,62347.68496,1352290,-0.03657756618202442,0.0388087043000867,25,Extreme Fear,-0.5,-0.0399999999999999,-0.0260211615961154,extreme_fear,64.63034435706358,629.5488670215831,0.6215940416719492,0.5312566656432032,0.5312566656432032
2022-02-22,37008.16,38429.0,36350.0,38230.33,53785.94589,1212527,0.032490750766217165,0.0349454657192867,20,Extreme Fear,-0.6,-0.0999999999999999,-0.5891480668804653,extreme_fear,168.02057418831777,596.2510335333358,0.6089549517064632,0.528998229307572,0.528998229307572
2022-02-23,38230.33,39249.93,37036.79,37250.01,43560.732,1030872,-0.025976966353583753,0.0348715395403192,25,Extreme Fear,-0.5,0.0999999999999999,-0.7858011057718718,extreme_fear,87.62939495109882,523.7865346136801,0.6155888262440719,0.5392701045051517,0.5392701045051517
2022-02-24,37250.02,39843.0,34322.28,38327.21,120476.29458,2622780,0.028507874523143458,0.0301319814030257,23,Extreme Fear,-0.54,-0.04,-0.6657140961226816,extreme_fear,262.98899077528904,549.3305978607018,0.4797264496144764,0.5708066626295422,0.5708066626295422
2022-02-25,38328.68,39683.53,38014.37,39219.17,56574.57125,1408558,0.02300557006710982,0.0320659581572713,27,Fear,-0.46,0.08,-0.5702951270194391,fear,146.46562707372254,466.10978554987656,0.4892314964724958,0.5754728772771454,0.5754728772771454
2022-02-26,39219.16,40348.45,38573.18,39116.72,29361.2568,924257,-0.0026156608014754846,0.0319936513227204,26,Fear,-0.48,-0.0199999999999999,-0.5621554172924365,fear,63.50139705838677,218.56508608299896,0.47911823060341996,0.5781262327481719,0.5781262327481719
2022-02-27,39116.73,39855.7,37000.0,37699.07,46229.44719,1265753,-0.03691457135600522,0.0308309385900076,26,Fear,-0.48,0.0,-0.5057716687186439,fear,6.474143801853803,387.75090943135956,0.4707315117832439,0.5825585510931863,0.5825585510931863
2022-02-28,37699.08,44225.84,37450.17,43160.0,73945.63858,1931087,0.1352787146752529,0.0598791496875896,20,Extreme Fear,-0.6,-0.12,-0.7173291744957684,extreme_fear,91.00371018621661,1213.4063030718585,0.6919943013830053,0.6681018422814353,0.6681018422814353
2022-03-01,43160.0,44949.0,42809.98,44421.2,61743.09873,1866871,0.028802692569624658,0.0597971560709712,51,Neutral,0.02,0.62,-0.147932108505649,neutral,0.0,1163.815450626089,0.6995659462773024,0.6712046468111134,0.6712046468111134
2022-03-02,44421.2,45400.0,43334.09,43892.98,57782.65081,1653131,-0.01196243454904842,0.0581312570977386,52,Neutral,0.04,0.02,-0.3392180523104333,neutral,209.67052867560423,311.3177643324656,0.6970994628583612,0.6665447995740365,0.6665447995740365
2022-03-03,43892.99,44101.12,41832.28,42454.0,50940.61021,1289320,-0.033333261588257904,0.062000560999028,39,Fear,-0.22,-0.26,-0.375072971951205,fear,0.0,331.1413832238533,0.7012010466729324,0.6687854746130849,0.6687854746130849
2022-03-04,42454.0,42527.3,38550.0,39148.66,61964.68498,1465066,-0.0810549423019875,0.07119486967234,33,Fear,-0.34,-0.12,-0.2856977728437356,fear,0.0,834.1601959300707,0.758198487463678,0.6972774918842041,0.6972774918842041
2022-03-05,39148.65,39613.24,38407.59,39397.96,30363.13341,879727,0.006347843793420254,0.0711827461744966,22,Extreme Fear,-0.56,-0.22,-0.2905452865908264,extreme_fear,25.31971257709524,777.4530799231813,0.7590480471762336,0.6989469496615685,0.6989469496615685
2022-03-06,39397.97,39693.87,38088.57,38420.81,39677.26158,986352,-0.025114798426121913,0.0702543774134182,22,Extreme Fear,-0.56,0.0,-0.2800390473540033,extreme_fear,248.37353014063754,274.53244748597604,0.7607570737734914,0.7014354499399842,0.7014354499399842
2022-03-07,38420.8,39547.57,37155.0,37988.0,63994.11559,1456041,-0.011328919506856962,0.0335478730704019,23,Extreme Fear,-0.54,0.02,0.2303342558377159,extreme_fear,210.66461140582118,292.39774701807306,0.7363838875138001,0.7048275168405537,0.7048275168405537
2022-03-08,37988.01,39362.08,37867.65,38730.63,55583.06638,1271128,0.019360439473765596,0.0314317259820177,21,Extreme Fear,-0.58,-0.0399999999999999,-0.3161852153104344,extreme_fear,266.23891359669335,180.07181507783596,0.7420770981990441,0.7070722493887066,0.7070722493887066
2022-03-09,38730.63,42594.06,38656.45,41941.71,67392.58799,1570230,0.07965003732031377,0.0499499308209415,22,Extreme Fear,-0.56,0.0199999999999999,-0.6101535599129638,extreme_fear,0.0,700.2761117107289,0.7485001889879132,0.7069368855532758,0.7069368855532758
2022-03-10,41941.7,42039.63,38539.73,39422.0,71962.93154,1512655,-0.06195676107004793,0.0533893847915123,28,Fear,-0.44,0.12,-0.7678013370524601,fear,729.349065735453,908.5009660834538,0.7806606248200952,0.7264195720616281,0.7264195720616281
2022-03-11,39422.01,40236.26,38223.6,38729.57,59018.7642,1252571,-0.017720645144228633,0.0446333020684207,22,Extreme Fear,-0.56,-0.12,-0.6176744334082046,extreme_fear,139.5503078923983,581.1254261113188,0.7828508631991511,0.7333580850494824,0.7333580850494824
2022-03-12,38729.57,39486.71,38660.52,38807.36,24034.36432,671733,0.002006528401358036,0.0445486162284984,22,Extreme Fear,-0.56,0.0,-0.6128746304912187,extreme_fear,101.05494565298741,207.99104776324288,0.7674137481160971,0.7255240702624095,0.7255240702624095
2022-03-13,38807.35,39310.0,37578.51,37777.34,32791.82359,841844,-0.026900467390317852,0.0447060361263952,21,Extreme Fear,-0.58,-0.0199999999999999,-0.5475346058315922,extreme_fear,5.571720893912929,305.55802794604165,0.7619544613328912,0.7161823013781182,0.7161823013781182
2022-03-14,37777.35,39947.12,37555.0,39671.37,46945.45375,1114899,0.04892031687140569,0.0483608557101186,23,Extreme Fear,-0.54,0.0399999999999999,-0.4812743936572241,extreme_fear,354.48182802579817,555.7041817809703,0.7731024853034301,0.7184620383117317,0.7184620383117317
2022-03-15,39671.37,39887.61,38098.33,39280.33,46015.54926,1060517,-0.009905884169983963,0.0483868224660233,21,Extreme Fear,-0.58,-0.0399999999999999,-0.4095598455226559,extreme_fear,366.6271053149035,459.7590647247694,0.7675147847297532,0.7144595565786268,0.7144595565786268
2022-03-16,39280.33,41718.0,38828.48,41114.0,88120.76167,2051837,0.045624811430510115,0.0395456694533562,24,Extreme Fear,-0.52,0.0599999999999999,-0.2844923053320173,extreme_fear,0.0,411.2330843771428,0.7775022410747042,0.6578512699906971,0.6578512699906971
2022-03-17,41114.01,41478.82,40500.0,40917.9,37189.38087,935784,-0.004781075985047464,0.0305509001318964,27,Fear,-0.46,0.06,0.3137655782856138,fear,93.39050522638902,431.08659399212985,0.774511460839737,0.6534280359815832,0.6534280359815832
2022-03-18,40917.89,42325.02,40135.04,41757.51,45408.00969,1065054,0.02031169524144141,0.0290666272691925,25,Extreme Fear,-0.5,-0.0399999999999999,0.3031665851458016,extreme_fear,123.61625706072009,228.92396812507982,0.7769241785944124,0.6561972644416671,0.6561972644416671
2022-03-19,41757.51,42400.0,41499.29,42201.13,29067.18108,801197,0.010567682574771557,0.0287952723951811,28,Fear,-0.44,0.06,0.2018746202057929,fear,58.0613237554777,249.52765667138866,0.7625021304767147,0.6384122274882257,0.6384122274882257
2022-03-20,42201.13,42296.26,40911.0,41262.11,30653.33468,799695,-0.022502352481311442,0.0278586060351187,31,Fear,-0.38,0.06,-0.4821613327970797,fear,93.49709327134107,225.33830746088498,0.5937202822825619,0.5356598497109315,0.5356598497109315
2022-03-21,41262.11,41544.22,40467.94,41002.25,39426.24877,947206,-0.006317702205992036,0.0230804938492213,30,Fear,-0.4,-0.02,-0.4210290679608182,fear,0.0,195.6255907877876,0.5823378925003367,0.5284496540537854,0.5284496540537854
2022-03-22,41002.26,43361.0,40875.51,42364.13,59454.94294,1367343,0.03267507037255884,0.0241898381717003,26,Fear,-0.48,-0.0799999999999999,-0.8971065231146246,fear,0.0,193.4584800748826,0.595651123336434,0.5340759758762286,0.5340759758762286
2022-03-23,42364.13,43025.96,41751.47,42882.76,40828.87039,916671,0.012167866742905374,0.0186051458732307,31,Fear,-0.38,0.0999999999999999,-0.6569580105261037,fear,174.23489014749984,253.5449477929328,0.5854858885056196,0.5259929726609036,0.5259929726609036
2022-03-24,42882.76,44220.89,42560.46,43991.46,56195.12374,1202541,0.02552564380828476,0.019191687248434,40,Fear,-0.2,0.18,-0.0328742787599815,fear,0.0,308.7355943636373,0.5053159443367704,0.48939781501524604,0.48939781501524604
2022-03-25,43991.46,45094.14,43579.0,44313.16,54614.43648,1141588,0.007286174227543661,0.0186918385125549,47,Neutral,-0.06,0.14,0.0230220694430611,neutral,0.0,258.98805324835934,0.5053396385706752,0.49038455178920815,0.49038455178920815
2022-03-26,44313.16,44792.99,44071.97,44511.27,23041.61741,693647,0.004460717136023095,0.0187293583576344,51,Neutral,0.02,0.08,-0.0229238225463793,neutral,88.28522746754672,28.556130176423192,0.49201061611779434,0.48366187449740666,0.48366187449740666
2022-03-27,44511.27,46999.0,44421.46,46827.76,41874.91071,1135096,0.05073377393082759,0.019881859872591,49,Neutral,-0.02,-0.04,0.1373822654780415,neutral,0.0,487.3733767655284,0.5097490149571317,0.4802999231289804,0.4802999231289804
2022-03-28,46827.76,48189.84,46663.56,47122.21,58949.2614,1498975,0.006268250306015814,0.0177279457346469,60,Greed,0.2,0.22,-0.2894782676302356,greed,0.0,474.43890497848236,0.5088348029095947,0.4781079177769914,0.4781079177769914
2022-03-29,47122.21,48096.47,46950.85,47434.8,36772.28457,1095678,0.006611696768465159,0.0173185791154914,56,Greed,0.12,-0.08,-0.1927597743675311,greed,193.7964512597186,0.0,0.4368176921956784,0.4341292172969046,0.4341292172969046
2022-03-30,47434.79,47700.22,46445.42,47067.99,40947.2085,1081607,-0.007762984396878372,0.0196127571518894,55,Greed,0.1,-0.0199999999999999,-0.4781929456333463,neutral,24.409476709864194,0.0,0.3604197634828801,0.39668791413751076,0.39668791413751076
2022-03-31,47067.99,47600.0,45200.0,45510.34,48645.12667,1290541,-0.03365359925692603,0.0252854013114171,52,Neutral,0.04,-0.06,-0.2581503619265514,neutral,105.28410903780397,366.04066121846637,0.3799165730145233,0.3969358852485549,0.3969358852485549
2022-04-01,45510.35,46720.09,44200.0,46283.49,56271.06474,1372216,0.01684575714059203,0.0256858009558154,50,Neutral,0.0,-0.04,-0.3317162614655137,neutral,41.73819443781361,434.53539138932626,0.380428243280786,0.41170237932153403,0.41170237932153403
2022-04-02,46283.49,47213.0,45620.0,45811.0,37073.53582,1056716,-0.010261073071446306,0.0264677318585963,52,Neutral,0.04,0.04,-0.2974899213431389,neutral,0.0,296.5409745230894,0.3639406476234957,0.406977799088551,0.406977799088551
2022-04-03,45810.99,47444.11,45530.92,46407.35,33394.67794,966563,0.012933614904539842,0.0172791756367192,48,Neutral,-0.04,-0.08,-0.0526222972742919,neutral,300.1344598567286,148.7571203355057,0.3335779665201252,0.3949706021938026,0.3949706021938026
2022-04-04,46407.36,46890.71,45118.0,46580.51,44641.87514,1171998,0.003724361441516804,0.0171218568686439,52,Neutral,0.04,0.08,-0.2890354235520186,neutral,147.62924429427426,69.20665293836068,0.32741169793763725,0.3913806815662181,0.3913806815662181
2022-04-05,46580.5,47200.0,45353.81,45497.55,42192.74852,1046080,-0.023523734948063195,0.0184248463804227,53,Neutral,0.06,0.0199999999999999,-0.5884915749938089,neutral,250.09426205839503,301.9685742182435,0.3152637155111159,0.37013453442867195,0.37013453442867195
2022-04-06,45497.54,45507.14,43121.0,43170.47,60849.32936,1471912,-0.052501781655002897,0.0252352131330257,48,Neutral,-0.04,-0.1,-0.0406073333035494,neutral,0.0,613.3216228849823,0.3748987564440375,0.38417512430319734,0.38417512430319734
2022-04-07,43170.47,43900.99,42727.35,43444.19,37396.54156,999816,0.006320429156202368,0.0241168797755662,34,Fear,-0.32,-0.28,-0.2012995573054718,fear,0.0,534.5775346830591,0.3694206607365282,0.3716180207900828,0.3716180207900828
2022-04-08,43444.2,43970.62,42107.14,42252.01,42375.04203,1108136,-0.027825199218427053,0.0227556981057884,37,Fear,-0.26,0.06,-0.0778342548569761,fear,187.80561376844796,330.2749938180161,0.38248947598109306,0.3801668801484465,0.3801668801484465
2022-04-09,42252.02,42800.0,42125.48,42753.97,17891.66047,640230,0.011810129932037259,0.0246156050270332,30,Fear,-0.4,-0.14,-0.3113985316545555,fear,68.12095886657335,344.43602594170056,0.3749622030843035,0.3750125109454407,0.3750125109454407
2022-04-10,42753.96,43410.3,41868.0,42158.85,22771.09403,678983,-0.014017429746878484,0.0225150362264558,34,Fear,-0.32,0.08,-0.4260200965453784,fear,80.49353749737861,220.4850497078041,0.3781490842449429,0.3787484323528023,0.3787484323528023
2022-04-11,42158.85,42414.71,39200.0,39530.45,63560.44721,1385924,-0.06437336581826365,0.0274465133128809,32,Fear,-0.36,-0.0399999999999999,-0.3322536947249489,fear,0.0,682.741629805906,0.42559664508913647,0.3947749512871686,0.3947749512871686
2022-04-12,39530.45,40699.0,39254.63,40074.94,57751.01778,1153667,0.013679940298762482,0.0307259095671222,20,Extreme Fear,-0.6,-0.24,-0.6269571189068281,extreme_fear,190.4293347556815,651.6234588373836,0.42636627901844387,0.3970793534961962,0.3970793534961962
2022-04-13,40074.95,41561.31,39588.54,41147.79,41342.27254,948061,0.02641901842530263,0.0306402382532628,25,Extreme Fear,-0.5,0.0999999999999999,-0.5578041004144737,extreme_fear,84.12988368610475,280.9087468896361,0.4271807637614828,0.4021974295680994,0.4021974295680994
2022-04-14,41147.78,41500.0,39551.94,39942.38,36807.01401,803756,-0.029732304130666604,0.0311232733363213,28,Fear,-0.44,0.06,-0.5921171180985152,fear,454.5069833144311,406.489390821609,0.43510260528492734,0.4086066392396783,0.4086066392396783
2022-04-15,39942.37,40870.36,39766.4,40551.9,24026.35739,616536,0.015144719601020222,0.0316605584940381,22,Extreme Fear,-0.56,-0.12,-0.6274568900968551,extreme_fear,175.05061602637662,320.7286204901812,0.43987298637143063,0.41130303077435015,0.41130303077435015
2022-04-16,40551.9,40709.35,39991.55,40378.71,15805.44718,423446,-0.004279969331170057,0.0307663501326907,28,Fear,-0.44,0.12,-0.7153303174656899,fear,127.2580409521645,129.843535758008,0.3883148649991168,0.3951590502420805,0.3951590502420805
2022-04-17,40378.7,40595.67,39546.17,39678.12,19988.49259,590241,-0.017502763604226226,0.0309086107469716,28,Fear,-0.44,0.0,-0.8392937150832078,fear,64.54763669644852,185.30402275257006,0.38637302800254253,0.39314247531701396,0.39314247531701396
2022-04-18,39678.11,41116.73,38536.51,40801.13,54243.49575,1157741,0.027909874843025737,0.0222126383247191,24,Extreme Fear,-0.52,-0.08,-0.6902087149253189,extreme_fear,122.94868362640585,405.6354579769387,0.4044652022042578,0.4135307385077167,0.4135307385077167
2022-04-19,40801.13,41760.0,40571.0,41493.18,35788.85843,934526,0.01681929927737526,0.0224599616489939,27,Fear,-0.46,0.06,-0.7147531550207328,fear,0.0,391.7556178345064,0.4135888352904767,0.41420993740728634,0.41420993740728634
2022-04-20,41493.19,42199.0,40820.0,41358.19,40877.35041,1063843,-0.0032586092287824916,0.0204282911389805,27,Fear,-0.46,0.0,-0.7175137406708584,fear,113.03924648279661,170.00998929711696,0.4008049136532721,0.40549063646647615,0.40549063646647615
2022-04-21,41358.19,42976.0,39751.0,40480.01,59316.27657,1515456,-0.02146219513885801,0.0185860884006755,27,Fear,-0.46,0.0,-0.6740854104774305,fear,163.69677105918942,311.7522752559784,0.39642923473684144,0.42202307733783545,0.42202307733783545
2022-04-22,40480.01,40795.06,39177.0,39709.18,46664.0196,1043471,-0.019225876795201286,0.0190420322434892,26,Fear,-0.48,-0.0199999999999999,-0.5908673562640357,fear,0.0,354.22642585315816,0.3987679511854133,0.4244917247797327,0.4244917247797327
2022-04-23,39709.19,39980.0,39285.0,39441.6,20291.42375,724132,-0.006761298356655493,0.0190956841491332,24,Extreme Fear,-0.52,-0.04,-0.4557136679423046,extreme_fear,87.78141327839882,184.4001411684639,0.3916790192884141,0.4170029924136994,0.4170029924136994
2022-04-24,39441.61,39940.0,38929.62,39450.13,26703.61186,868183,0.0002162457340772487,0.0180507983473587,24,Extreme Fear,-0.52,0.0,-0.3245257100948147,extreme_fear,106.83939079207725,81.12433733701198,0.39046666169120114,0.4124628867693611,0.4124628867693611
2022-04-25,39450.12,40616.0,38200.0,40426.08,63037.12784,1280351,0.02443777865032932,0.0171233185664157,23,Extreme Fear,-0.54,-0.02,-0.4161792286042672,extreme_fear,124.03046308479747,348.7278735931583,0.40260280183935887,0.42424338719549304,0.42424338719549304
2022-04-26,40426.08,40797.31,37702.26,38112.65,66650.258,1381618,-0.05892887322404605,0.0251101569415362,27,Fear,-0.46,0.08,-0.7341434847168672,fear,507.6382283192287,706.4095577023398,0.4129805423937938,0.4416869765272741,0.4416869765272741
2022-04-27,38112.64,39474.72,37881.31,39235.72,57083.12272,1232083,0.02904130834995406,0.0296072309967541,21,Extreme Fear,-0.58,-0.1199999999999999,-0.9059248334348794,extreme_fear,244.08713885631315,650.4948298247913,0.42967662889004904,0.4466155233890387,0.4466155233890387
2022-04-28,39235.72,40372.63,38881.43,39742.07,56086.6715,1135242,0.012822767969639432,0.0297059035111109,24,Extreme Fear,-0.52,0.0599999999999999,-0.921764279991979,extreme_fear,0.0,294.42894696128377,0.42536014829804314,0.4442748986015619,0.4442748986015619
2022-04-29,39742.06,39925.25,38175.0,38596.11,51453.65715,1101140,-0.02925883015250115,0.0308380765829469,23,Extreme Fear,-0.54,-0.02,-0.7906859620451113,extreme_fear,61.818439965111175,278.69920560116066,0.43125544355641127,0.45317307198223455,0.45317307198223455
2022-04-30,38596.11,38795.38,37578.2,37630.8,35321.18989,1017369,-0.025328630177714796,0.0318992362831291,20,Extreme Fear,-0.6,-0.0599999999999999,-0.4456610992073899,extreme_fear,0.0,386.37241281591946,0.4361929722143373,0.4517041857670671,0.4517041857670671
2022-05-01,37630.8,38675.0,37386.38,38468.35,38812.24104,1021157,0.02201296126766681,0.0336817695864373,22,Extreme Fear,-0.56,0.0399999999999999,-0.4915126262828957,extreme_fear,230.04468380246047,349.3968552240163,0.3870388070308851,0.42546825936867694,0.42546825936867694
2022-05-02,38468.35,39167.34,38052.0,38525.16,53200.92628,1053893,0.0014757090645608362,0.0315578593448226,28,Fear,-0.44,0.12,-0.3337480012293734,fear,0.0,220.7910635501564,0.38315299849834983,0.42294501242974364,0.42294501242974364
2022-05-03,38525.16,38651.51,37517.8,37728.95,40316.45358,1005131,-0.02088383006942929,0.0238272847806412,27,Fear,-0.46,-0.02,-0.1490004483281124,fear,0.0,197.781874424078,0.37332999334067385,0.4149252788011112,0.4149252788011112
2022-05-04,37728.95,40023.77,37670.0,39690.0,62574.61736,1238847,0.05067156251954114,0.0294998518792688,21,Extreme Fear,-0.58,-0.1199999999999999,-0.2296473010071155,extreme_fear,69.24296748330109,495.8548859921988,0.40825020718394295,0.4223178491232363,0.4223178491232363
2022-05-05,39690.0,39845.51,35571.9,36552.97,88722.43355,1979692,-0.08233682535055205,0.0417628030503311,27,Fear,-0.46,0.1199999999999999,-0.445732080711998,fear,258.5684529448244,888.9283596938471,0.49640759086034736,0.48315665775887595,0.48315665775887595
2022-05-06,36552.97,36675.63,35258.0,36013.77,68437.80187,1214518,-0.014861076122788424,0.0411011366327894,22,Extreme Fear,-0.56,-0.1,-0.4533779268338554,extreme_fear,0.0,745.0976211709154,0.4975695742533638,0.4889417392262727,0.4889417392262727
2022-05-07,36013.77,36146.3,34785.0,35472.39,34281.70682,746488,-0.015146717920837934,0.0406280029587684,23,Extreme Fear,-0.54,0.02,-0.6077732200374855,extreme_fear,50.63627387059716,0.0,0.49689942382729146,0.49258839527294146,0.49258839527294146
2022-05-08,35472.4,35514.22,33713.95,34038.4,72445.64344,1301451,-0.04126534832558704,0.0398292709766803,18,Extreme Fear,-0.64,-0.0999999999999999,-0.2191940864583875,extreme_fear,0.0,376.6599468118785,0.4956905713100208,0.4856480132290326,0.4856480132290326
2022-05-09,34038.39,34243.15,30033.33,30076.31,191876.926428,2564538,-0.12375148039084222,0.0534755704632148,11,Extreme Fear,-0.78,-0.14,0.3975951513312135,extreme_fear,0.0,1410.2396812417726,0.6310180384213017,0.5570127573157985,0.5570127573157985
2022-05-10,30074.23,32658.99,29730.4,31017.1,165532.00311,2470325,0.03080084662153245,0.0588808058644488,10,Extreme Fear,-0.8,-0.02,0.0140499364525575,extreme_fear,483.60810846944673,1289.810495067206,0.6514543398947975,0.5876726983341044,0.5876726983341044
2022-05-11,31017.11,32162.59,27785.0,29103.94,207063.739278,3559270,-0.0636651051045502,0.0485390043850998,12,Extreme Fear,-0.76,0.04,-0.0193289852085078,extreme_fear,295.7496081974092,594.5487687533365,0.6743556098885353,0.6441930844966598,0.6441930844966598
2022-05-12,29103.94,30243.0,26700.0,29029.75,204507.263138,3951233,-0.00255239398280821,0.047486353959761,12,Extreme Fear,-0.76,0.0,0.1610912927842786,extreme_fear,145.6953081766586,620.5806215662412,0.6760556861796525,0.6914452362085396,0.6914452362085396
2022-05-13,29029.74,31083.37,28751.67,29287.05,97872.36957,2051900,0.008824272580558484,0.04965277876579,10,Extreme Fear,-0.8,-0.04,-0.024470901597248,extreme_fear,0.0,0.0,0.6810229021171516,0.7101629264407922,0.7101629264407922
2022-05-14,29287.05,30343.27,28630.0,30086.74,51095.87863,1204626,0.02693910433173367,0.0538921359591312,9,Extreme Fear,-0.82,-0.0199999999999999,-0.3443245460480604,extreme_fear,362.96268963945676,264.9314153750134,0.6953371735772315,0.7188174724175818,0.7188174724175818
2022-05-15,30086.74,31460.0,29480.0,31328.89,46275.66912,1016769,0.040456131904645545,0.0579205825291593,10,Extreme Fear,-0.8,0.0199999999999999,-0.5864217004485108,extreme_fear,0.0,561.4131807704341,0.7091312245086299,0.7202848710047197,0.7202848710047197
2022-05-16,31328.89,31328.9,29087.04,29874.01,73082.19658,1561954,-0.04755180340819563,0.0397369324745667,14,Extreme Fear,-0.72,0.08,-0.8223257766406942,extreme_fear,489.0059174564712,589.890113299307,0.7004003261168134,0.7180359174452586,0.7180359174452586
2022-05-17,29874.01,30788.37,29450.38,30444.93,56724.13307,1175382,0.018930606202495235,0.0383689190753068,8,Extreme Fear,-0.84,-0.12,-0.7800031962141153,extreme_fear,296.4028787557257,380.71487222863806,0.6933928887241472,0.718910022257874,0.718910022257874
2022-05-18,30444.93,30709.99,28654.47,28715.32,59749.15799,1379212,-0.05848869957421896,0.0371309787737902,12,Extreme Fear,-0.76,0.0799999999999999,-0.7923570382173479,extreme_fear,252.8532377678411,671.3555722116246,0.7047130943336174,0.7295245621639868,0.7295245621639868
2022-05-19,28715.33,30545.18,28691.38,30319.23,67877.36415,1860780,0.05435138641776955,0.0429192843751075,13,Extreme Fear,-0.74,0.02,-0.424055652409977,extreme_fear,581.6609930413732,780.0365471751173,0.7455526746270317,0.7354510298985589,0.7354510298985589
2022-05-20,30319.22,30777.33,28730.0,29201.01,60517.25325,1694004,-0.03757886695618367,0.0459670102812614,13,Extreme Fear,-0.74,0.0,-0.4948909545297292,extreme_fear,551.9759480001427,639.2524994438975,0.7496989994809455,0.7468629373935911,0.7468629373935911
2022-05-21,29201.01,29656.18,28947.28,29445.06,20987.13124,643486,0.008322856374715155,0.0446641679585674,13,Extreme Fear,-0.74,0.0,-0.3999791502295221,extreme_fear,99.65942095768243,388.10480744102625,0.7428398431134361,0.7451482270342105,0.7451482270342105
2022-05-22,29445.07,30487.99,29255.11,30293.94,36158.98748,862880,0.028421538420796314,0.0428535186230718,14,Extreme Fear,-0.72,0.02,-0.1359044023666456,extreme_fear,0.0,292.85499410613795,0.7560209680618428,0.7477943976873135,0.7477943976873135
2022-05-23,30293.93,30670.51,28866.35,29109.15,63901.49932,1328317,-0.039895134769211214,0.0417182230457335,10,Extreme Fear,-0.8,-0.08,0.1582692661687337,extreme_fear,307.03441385493346,518.6500419560261,0.7619663106380679,0.7562219245161624,0.7562219245161624
2022-05-24,29109.14,29845.86,28669.0,29654.58,59442.96036,946421,0.018564024573910418,0.0416855293466768,12,Extreme Fear,-0.76,0.04,0.5411477302880556,extreme_fear,127.31166065540609,476.35292706645237,0.7344248091714719,0.7500215382290069,0.7500215382290069
2022-05-25,29654.58,30223.74,29294.21,29542.15,59537.38659,985440,-0.003798525195082192,0.034471846049759,11,Extreme Fear,-0.78,-0.02,0.5530104236120946,extreme_fear,0.0,235.00497619961777,0.6898751830485692,0.7130717396025855,0.7130717396025855
2022-05-26,29542.14,29886.64,28019.56,29201.35,94581.65463,1431112,-0.011603116040031471,0.0261737154700813,12,Extreme Fear,-0.76,0.02,0.5500654894424808,extreme_fear,0.0,0.0,0.6897081555489862,0.7213326316746855,0.7213326316746855
2022-05-27,29201.35,29397.66,28282.9,28629.8,90998.5201,1321406,-0.0197668076759755,0.023329034719004,12,Extreme Fear,-0.76,0.0,0.819160076406865,extreme_fear,258.2167759778558,93.3271372735002,0.6903170901111054,0.7213980035807034,0.7213980035807034
2022-05-28,28629.81,29266.0,28450.0,29031.33,34479.35127,684423,0.013927458255286653,0.023864227433749,13,Extreme Fear,-0.74,0.02,0.8314478408683136,extreme_fear,223.0360673134984,212.27906289632858,0.685706396056459,0.7153675104146958,0.7153675104146958
2022-05-29,29031.33,29587.78,28839.21,29468.1,27567.34764,635311,0.014932730664861931,0.0213548300558154,14,Extreme Fear,-0.72,0.02,0.7624840337344125,extreme_fear,0.0,204.06254648739554,0.535299524969825,0.6607071207560197,0.6607071207560197
2022-05-30,29468.1,32222.0,29299.62,31734.22,96785.9476,1380410,0.07408727158891816,0.0317967650893747,10,Extreme Fear,-0.8,-0.08,-0.429952154169197,extreme_fear,0.0,678.3542195276839,0.5888070223577583,0.6614379444008252,0.6614379444008252
2022-05-31,31734.23,32399.0,31200.01,31801.04,62433.11632,1161340,0.002103399738536469,0.0319029605566705,16,Extreme Fear,-0.68,0.12,-0.3660181456866334,extreme_fear,41.69526937022554,660.5004610252442,0.5367785956285014,0.5887981698710353,0.5887981698710353
2022-06-01,31801.05,31982.97,29301.0,29805.83,103395.63382,1404611,-0.06479498169315473,0.0423572556457558,17,Extreme Fear,-0.66,0.02,-0.7020290017980358,extreme_fear,0.0,612.8650136278887,0.5903184885540925,0.5576620386457772,0.5576620386457772
2022-06-02,29805.84,30689.0,29594.55,30452.62,56961.42928,1086183,0.021468021186670065,0.0424455171885007,13,Extreme Fear,-0.74,-0.0799999999999999,-0.7749852950557234,extreme_fear,174.54365112456554,634.945387085059,0.5941442335609645,0.5379101959107355,0.5379101959107355
2022-06-03,30452.63,30699.0,29282.36,29700.21,54067.44727,993769,-0.025017916656657774,0.0430173799483586,10,Extreme Fear,-0.8,-0.06,-0.5735535612704373,extreme_fear,297.979811117527,308.443251141937,0.5937866742940813,0.5330480367753456,0.5330480367753456
2022-06-04,29700.21,29988.88,29485.0,29864.04,25617.90113,618037,0.005500964525962497,0.0428743517582875,14,Extreme Fear,-0.72,0.08,-0.5690958653116365,extreme_fear,71.1434362455965,231.6893815691108,0.5743399777429049,0.5159862004599488,0.5159862004599488
2022-06-05,29864.03,30189.0,29531.42,29919.21,23139.9281,604680,0.001845667997686214,0.0426399041334008,10,Extreme Fear,-0.8,-0.08,-0.5245313332941932,extreme_fear,101.18874518409827,73.34550186483999,0.549035889683645,0.4933487282855728,0.4933487282855728
2022-06-06,29919.2,31765.64,29890.23,31373.1,68836.92456,1124745,0.047450088834951915,0.0351399995462588,13,Extreme Fear,-0.74,0.06,-0.2967933360349497,extreme_fear,0.0,402.139986837408,0.5709228398046368,0.5012493238753095,0.5012493238753095
2022-06-07,31373.1,31589.6,29218.96,31125.33,110674.51658,1743957,-0.007928880711022794,0.0351913729923114,15,Extreme Fear,-0.7,0.04,-0.3538429022055864,extreme_fear,371.03755949125934,356.01593660816565,0.5269775318659592,0.5070457432914396,0.5070457432914396
2022-06-08,31125.32,31327.22,29843.88,30204.77,68542.61276,1236327,-0.030022098209930834,0.0270168183635814,17,Extreme Fear,-0.66,0.0399999999999999,-0.1508118440171215,extreme_fear,334.37440127143503,194.1097880399982,0.5047544911104904,0.4999739494808452,0.4999739494808452
2022-06-09,30204.77,30700.0,29944.1,30109.93,46291.1865,841562,-0.00314484124646771,0.0256258558061313,11,Extreme Fear,-0.78,-0.12,-0.1339891069232499,extreme_fear,145.60987939189573,285.94746899964156,0.48535023517616455,0.48089972772600703,0.48089972772600703
2022-06-10,30109.93,30382.8,28850.0,29091.88,76204.2498,1258608,-0.0343959202434377,0.0271926466403158,13,Extreme Fear,-0.74,0.04,-0.3182681364838378,extreme_fear,0.0,361.8589037841331,0.5008632258365341,0.49069607260173165,0.49069607260173165
2022-06-11,29091.87,29440.41,28099.99,28424.7,65901.39895,1084163,-0.023200611947273582,0.0278879442432941,12,Extreme Fear,-0.76,-0.02,-0.2772333968232878,extreme_fear,0.0,435.01813610841594,0.4946674970215763,0.49285636162335134,0.49285636162335134
2022-06-12,28424.71,28544.96,26560.0,26574.53,92474.598809,1451271,-0.06730524721449922,0.0350294466035654,14,Extreme Fear,-0.72,0.04,-0.2510889364426788,extreme_fear,0.0,760.0675447053206,0.5299570084933709,0.4998116821651705,0.4998116821651705
2022-06-13,26574.53,26895.84,21925.77,22487.41,254611.034966,3261484,-0.16699764123151092,0.0519925773174765,11,Extreme Fear,-0.78,-0.06,0.3299819631555302,extreme_fear,0.0,1955.6920558995234,0.7751864546710957,0.6573838708147989,0.6573838708147989
2022-06-14,22485.27,23362.88,20846.0,22136.41,187201.64671,2583151,-0.01573183286725236,0.0511458382551275,8,Extreme Fear,-0.84,-0.0599999999999999,7.12821832495405e-05,extreme_fear,0.0,1789.948572413645,0.7742944739773997,0.697685516608274,0.697685516608274
2022-06-15,22136.42,22800.0,20111.62,22583.72,200774.493467,2847831,0.020005528538409763,0.0569836137694535,7,Extreme Fear,-0.86,-0.02,-0.412599355862032,extreme_fear,474.5401087963969,439.8218637971727,0.78389455005234,0.7344304926490272,0.7344304926490272
2022-06-16,22583.72,22995.73,20232.0,20401.31,99673.59429,1690477,-0.10163017824163617,0.058078421697447,7,Extreme Fear,-0.86,0.0,-0.1920227224100342,extreme_fear,1091.4470503935074,1230.4630388923554,0.8449571636534341,0.779168643527637,0.779168643527637
2022-06-17,20400.6,21365.43,20246.66,20468.81,86694.33663,1352992,0.0033031496542327322,0.0616562025998074,9,Extreme Fear,-0.82,0.04,-0.2986858185406897,extreme_fear,261.6230764545675,1119.0907878896323,0.8406396202486806,0.7852488953707965,0.7852488953707965
2022-06-18,20468.81,20792.06,17622.0,18970.79,196441.655524,2467372,-0.0760018363469714,0.0612812906066234,6,Extreme Fear,-0.88,-0.06,-0.2914040717799718,extreme_fear,0.0,428.97117736111016,0.855976746499983,0.8590637956015849,0.8590637956015849
2022-06-19,18970.79,20815.95,17960.41,20574.0,128320.87595,1950660,0.08112771492687064,0.0801217061373101,6,Extreme Fear,-0.88,0.0,-0.5437347767925987,extreme_fear,1328.1366013602672,1032.2159566931782,0.8667580556525003,0.8921039623699856,0.8921039623699856
2022-06-20,20574.0,21090.0,19637.03,20573.89,109028.94154,1639448,-5.346568195921985e-06,0.0600602319112451,9,Extreme Fear,-0.82,0.06,0.0280244148886136,extreme_fear,79.19153253233318,947.7647085960243,0.8660229955380615,0.9014117848659636,0.9014117848659636
2022-06-21,20573.9,21723.0,20348.4,20723.52,104371.0749,1515321,0.007246490991842595,0.0603930679665254,9,Extreme Fear,-0.82,0.0,0.0809534838686102,extreme_fear,0.0,0.0,0.8562571229131468,0.8928065574967424,0.8928065574967424
2022-06-22,20723.51,20900.0,19770.51,19987.99,92133.97938,1394981,-0.03613769395083157,0.0597555273209305,11,Extreme Fear,-0.78,0.0399999999999999,-0.0092238723694123,extreme_fear,0.0,323.236153243152,0.8452313954615083,0.8972948111946695,0.8972948111946695
2022-06-23,19988.0,21233.0,19890.07,21110.13,83127.08716,1207858,0.05462142687846785,0.0527804781756738,11,Extreme Fear,-0.78,0.0,0.0298818823934567,extreme_fear,347.5821099746316,625.2291320178545,0.8865396565867755,0.9024377093789276,0.9024377093789276
2022-06-24,21110.12,21558.41,20736.72,21237.69,77430.36622,1309709,0.0060244133369918825,0.0527666806086242,11,Extreme Fear,-0.78,0.0,0.0274174238824345,extreme_fear,0.0,527.3209083748804,0.8867183416903374,0.9055117689177827,0.9055117689177827
2022-06-25,21237.68,21614.5,20906.62,21491.19,51431.67794,874540,0.011865650317023644,0.0394881958382776,14,Extreme Fear,-0.72,0.06,-0.4929943681457872,extreme_fear,234.57184553523712,174.05347304585268,0.8902556781029822,0.9070757166900846,0.9070757166900846
2022-06-26,21491.18,21888.0,20964.73,21038.07,53278.10464,885306,-0.02130943009010775,0.0288674501823834,14,Extreme Fear,-0.72,0.0,-0.1376072776525236,extreme_fear,207.36526023357013,325.4589232337489,0.8575588734404072,0.9024401081800494,0.9024401081800494
2022-06-27,21038.08,21539.85,20510.0,20742.56,64475.0013,1002214,-0.014146025460121855,0.0296328915946077,12,Extreme Fear,-0.76,-0.04,-0.1991852082849138,extreme_fear,5.412590210122303,347.2368715347823,0.8566835239977085,0.8931125931504883,0.8931125931504883
2022-06-28,20742.57,21212.1,20202.01,20281.29,63801.0832,1064497,-0.022488841996465433,0.0307589305826016,10,Extreme Fear,-0.8,-0.04,-0.0109765256140203,extreme_fear,121.1853286777197,368.86708008025363,0.8559657072588646,0.8931824207861724,0.8931824207861724
2022-06-29,20281.28,20432.31,19854.92,20123.01,77309.04379,1210636,-0.007834849739538354,0.0274365872036237,13,Extreme Fear,-0.74,0.06,-0.1740451113951121,extreme_fear,0.0,314.02269890899794,0.8549082315923947,0.8936915733129922,0.8936915733129922
2022-06-30,20123.0,20179.08,18626.0,19942.21,93846.64806,1438163,-0.009025345538186133,0.0129494000802617,11,Extreme Fear,-0.78,-0.04,0.2400064414586363,extreme_fear,0.0,0.0,0.8540437020956134,0.903136254035022,0.903136254035022
2022-07-01,19942.21,20918.35,18975.0,19279.8,111844.59494,1668363,-0.03378067520510561,0.0142747770259738,11,Extreme Fear,-0.78,0.0,0.5506267532825828,extreme_fear,244.0871629666946,430.32883831677054,0.8555777889867717,0.921407550025271,0.921407550025271
2022-07-02,19279.8,19467.39,18977.01,19252.81,46180.3021,833508,-0.001400891578015631,0.0107474125230899,14,Extreme Fear,-0.72,0.06,0.487266147840571,extreme_fear,79.24575998503376,487.753097325238,0.8384566674482129,0.9101333432187345,0.9101333432187345
2022-07-03,19252.82,19647.63,18781.0,19315.83,51087.46631,880786,0.003267942871976135,0.0124595827917266,11,Extreme Fear,-0.78,-0.06,0.4718249973065218,extreme_fear,162.1007100653487,54.64876351434746,0.6219510558739183,0.8049186088902395,0.8049186088902395
2022-07-04,19315.83,20354.01,19055.31,20236.71,74814.04601,1282843,0.04657331482099153,0.0256628021303249,14,Extreme Fear,-0.72,0.06,0.6687372274862254,extreme_fear,0.0,492.34534654433423,0.6498448209096724,0.7801301369744762,0.7801301369744762
2022-07-05,20236.71,20750.0,19304.4,20175.83,96041.13756,1612273,-0.0030129284649952903,0.0242826061738862,19,Extreme Fear,-0.62,0.0999999999999999,0.2560415451661089,extreme_fear,303.78073721110184,486.08644377607925,0.6434437228174532,0.7488437721838856,0.7488437721838856
2022-07-06,20175.84,20675.22,19761.25,20564.51,82439.5808,1472221,0.019081421173606727,0.0250673017271103,18,Extreme Fear,-0.64,-0.02,0.3531268304037085,extreme_fear,313.49144650372926,243.66346415796562,0.5387441795935,0.7039530460105756,0.7039530460105756
2022-07-07,20564.51,21838.1,20251.68,21624.98,85014.58261,1653722,0.05028235345384914,0.0300460425870109,18,Extreme Fear,-0.64,0.0,0.4514118959692766,extreme_fear,0.0,566.2652331690621,0.567163065329796,0.712918331788548,0.712918331788548
2022-07-08,21624.99,22527.37,21189.26,21594.75,403081.57349,4358216,-0.0013988983702488548,0.0238240518406851,20,Extreme Fear,-0.6,0.04,-0.0317849535677016,extreme_fear,0.0,516.9613837635228,0.4857576500952141,0.6331942915214196,0.6331942915214196
2022-07-09,21594.75,21980.0,21322.12,21591.83,178417.84468,3524386,-0.00013522719346830976,0.0236693767776481,24,Extreme Fear,-0.52,0.0799999999999999,-0.3136716244985783,extreme_fear,172.0153353716708,59.0951257025472,0.3978067068085203,0.5533479165102833,0.5533479165102833
2022-07-10,21592.15,21607.65,20655.0,20862.47,192188.21556,3434401,-0.03436315139820555,0.030377612784362,24,Extreme Fear,-0.52,0.0,-0.8123942520926704,extreme_fear,0.0,300.3106541854396,0.4187233303774776,0.5406269113215797,0.5406269113215797
2022-07-11,20861.11,20868.48,19875.23,19963.61,137535.40724,3232941,-0.04404073474684607,0.031682812022379,22,Extreme Fear,-0.56,-0.04,-0.706550226477426,extreme_fear,0.0,531.5551325293649,0.44672243827977665,0.5326024599324931,0.5326024599324931
2022-07-12,19963.61,20059.42,19240.0,19328.75,139506.45862,3626399,-0.032317491445751946,0.0337135907104954,16,Extreme Fear,-0.68,-0.12,-0.3534983152661077,extreme_fear,0.0,552.7422805043285,0.44302602758484944,0.5268237502760311,0.5268237502760311
2022-07-13,19331.28,20366.61,18910.94,20234.87,209250.24888,4789109,0.045813728987704215,0.038401047846409,15,Extreme Fear,-0.7,-0.0199999999999999,-0.5129187220149897,extreme_fear,263.71491557887174,602.7973754191738,0.42906434255378434,0.5321039347383238,0.5321039347383238
2022-07-14,20234.87,20900.0,19616.07,20588.84,174809.21696,4576355,0.017341827629275455,0.032182600540444,18,Extreme Fear,-0.64,0.0599999999999999,-0.5227530934255752,extreme_fear,0.0,556.8540232744313,0.4337675412735228,0.5427143332298472,0.5427143332298472
2022-07-15,20588.84,21200.0,20382.29,20830.04,143343.3049,4411375,0.011646994153803221,0.0329057587315584,15,Extreme Fear,-0.7,-0.0599999999999999,-0.5566893900654744,extreme_fear,0.0,241.45146643167786,0.433678523100962,0.5445468813814381,0.5445468813814381
2022-07-16,20830.04,21588.94,20478.61,21195.6,121011.67393,3723401,0.01739743738897494,0.0339738122552729,21,Extreme Fear,-0.58,0.12,-0.5714367313598386,extreme_fear,201.0159861567968,174.6769887894201,0.4320640260248087,0.5484158928406958,0.5484158928406958
2022-07-17,21195.6,21684.54,20750.01,20798.16,118229.4525,4261057,-0.018929091711402925,0.0320627887945371,24,Extreme Fear,-0.52,0.0599999999999999,-0.4920076338379239,extreme_fear,278.7165495759915,323.06100773022297,0.43452239741331167,0.5465084157796198,0.5465084157796198
2022-07-18,20799.58,22777.63,20762.45,22432.58,239942.73132,6564387,0.07564984518217717,0.0373554760763271,20,Extreme Fear,-0.6,-0.0799999999999999,-0.0877148717409566,extreme_fear,225.53017884189012,704.6829593015948,0.5012685631620833,0.5717072306493823,0.5717072306493823
2022-07-19,22432.58,23800.0,21579.54,23396.62,263770.76574,6488375,0.04207720104807247,0.0311179063995409,30,Fear,-0.4,0.1999999999999999,-0.0401356082350641,fear,0.0,802.8753613053113,0.5153759235660166,0.6055630924030009,0.6055630924030009
2022-07-20,23398.48,24276.74,22906.19,23223.3,238762.17094,6364038,-0.007435482451242203,0.0323860428081535,31,Fear,-0.38,0.02,-0.1619888709777769,fear,0.0,525.7021291755527,0.5147287926338296,0.5940575980528873,0.5940575980528873
2022-07-21,23223.3,23442.77,22341.46,23152.19,184817.68191,4808194,-0.003066708544995841,0.0335932163636293,34,Fear,-0.32,0.06,-0.3019033874091679,fear,0.0,130.03214850649675,0.4930567589985415,0.565881156319236,0.565881156319236
2022-07-22,23152.19,23756.49,22500.0,22684.83,171598.43966,4745582,-0.02039295734074819,0.0365245796271341,33,Fear,-0.34,-0.02,-0.5459025224589972,fear,269.6736868794301,270.8395108399356,0.5029572454058633,0.5750503275503396,0.5750503275503396
2022-07-23,22684.83,23000.77,21934.57,22451.07,122137.77375,3762227,-0.010358144626696868,0.0374288465757262,31,Fear,-0.38,-0.0399999999999999,-0.6130579255911764,fear,0.0,289.42586891075894,0.5070392879364267,0.575910321416937,0.575910321416937
2022-07-24,22448.58,23014.64,22257.15,22579.68,115189.67277,3671238,0.0057121122651888545,0.0355165344062867,30,Fear,-0.4,-0.02,-0.8817958990473381,fear,241.64525788088864,0.0,0.48558956002555687,0.5630343404343041,0.5630343404343041
2022-07-25,22577.13,22666.0,21250.0,21310.9,180344.76643,4807238,-0.05783170787580325,0.0296640196829225,30,Fear,-0.4,0.0,-0.0989055678656537,fear,0.0,598.6478717104411,0.5347970546995269,0.5587672713507653,0.5587672713507653
2022-07-26,21310.9,21347.82,20706.5,21254.67,177817.24326,4545385,-0.0026420429802279126,0.0204580949439465,26,Fear,-0.48,-0.0799999999999999,-0.0406094000424568,fear,0.0,598.1765231798602,0.5315405756011705,0.5542193001083272,0.5542193001083272
2022-07-27,21254.67,23112.63,21042.53,22952.45,210971.19796,5475738,0.07684804868982513,0.0410166970986048,28,Fear,-0.44,0.0399999999999999,-0.3402039875206441,fear,0.0,747.6874198598896,0.5706996109014442,0.5668538930545798,0.5668538930545798
2022-07-28,22954.31,24199.72,22582.13,23842.93,236029.0741,6500034,0.03806305270838894,0.0436286668872651,32,Fear,-0.36,0.08,-0.2286352579257225,fear,0.0,814.9627507868813,0.583726713078665,0.5709926391941648,0.5709926391941648
2022-07-29,23845.25,24442.66,23414.03,23773.75,198298.50623,6221401,-0.0029057065160629104,0.0424377058890865,39,Fear,-0.22,0.1399999999999999,-0.1464745625625981,fear,55.10713735932303,382.3803051751644,0.5841296447124215,0.5746622729022227,0.5746622729022227
2022-07-30,23777.28,24668.0,23502.25,23643.51,151060.13211,4801528,-0.0054933721401181045,0.0421387361546388,42,Fear,-0.16,0.06,-0.2032516813822324,fear,303.5687319247209,156.21749946213433,0.5671925390707728,0.5758886484187953,0.5758886484187953
2022-07-31,23644.64,24194.82,23227.31,23293.32,127743.32483,4463721,-0.014922034485878831,0.0430425522190037,39,Fear,-0.22,-0.06,-0.2687463433176431,fear,75.77792837390999,274.0893434386542,0.5417937408095526,0.5730699047024764,0.5730699047024764
2022-08-01,23296.36,23509.68,22850.0,23268.01,144210.16219,4775213,-0.001087168364516185,0.0340314066444945,33,Fear,-0.34,-0.12,-0.5515416214745605,fear,0.0,230.68813543699784,0.522175798054163,0.5693725803952372,0.5693725803952372
2022-08-02,23266.9,23459.89,22654.37,22987.79,158073.28225,5066511,-0.012116250420426194,0.0349304486259429,31,Fear,-0.38,-0.0399999999999999,-0.6700844932350958,fear,193.2488992110516,80.68034751534158,0.5087265135774378,0.552034485805624,0.552034485805624
2022-08-03,22985.93,23647.68,22681.22,22818.37,145948.80995,4887642,-0.007397292091435454,0.0180743979855102,34,Fear,-0.32,0.06,-0.3582151477876676,fear,277.8990427196587,173.16252586862376,0.5092338906752052,0.5425754268611991,0.5425754268611991
2022-08-04,22816.91,23223.32,22400.0,22622.98,154854.67016,4966138,-0.008599709479179367,0.0048579478163877,30,Fear,-0.4,-0.08,0.1028720225541979,fear,23.406626888885953,193.18114327201252,0.5108717998843304,0.5415513352446228,0.5415513352446228
2022-08-05,22622.41,23472.86,22586.95,23312.42,175251.69749,5340569,0.030020061930577643,0.0152811156796603,31,Fear,-0.38,0.02,-0.3184971712237885,fear,144.14519126452558,291.96953338438965,0.5171464230067779,0.5360362887119563,0.5360362887119563
2022-08-06,23313.56,23354.36,22909.52,22954.21,83911.80307,3360228,-0.01548490381388308,0.0160201631244427,31,Fear,-0.38,0.0,-0.285497467546267,fear,109.57461225307746,313.2088536456272,0.515194768332326,0.5293357621524961,0.5293357621524961
2022-08-07,22954.21,23402.0,22844.62,23174.39,88890.00877,3646643,0.009546427689530375,0.0159582283315987,30,Fear,-0.4,-0.02,-0.1619481541947294,fear,162.50406083505158,167.02474234342475,0.4432615197571723,0.49380315802183633,0.49380315802183633
2022-08-08,23174.39,24245.0,23154.25,23810.0,170958.44152,5892045,0.02705787086036656,0.0191417638267555,30,Fear,-0.4,0.0,-0.3113258682030652,fear,0.0,169.4625753175495,0.4280272095461807,0.45812587201592964,0.45812587201592964
2022-08-09,23810.98,23933.25,22865.0,23149.95,143182.50858,5105613,-0.028113039796074532,0.0219657606720823,42,Fear,-0.16,0.24,-0.6372355867657535,fear,150.51150602394318,295.90384880818056,0.4394920326265384,0.4516723200033542,0.4516723200033542
2022-08-10,23151.32,24226.0,22664.69,23954.05,208916.54953,6818207,0.03414479115449657,0.0248056718311608,31,Fear,-0.38,-0.22,-0.6007463825917088,fear,341.49438035319974,447.1049105399649,0.4557734569101852,0.4622274715814526,0.4622274715814526
2022-08-11,23954.05,24918.54,23852.13,23934.39,249759.79557,8269994,-0.0008210750278983731,0.0241482727695449,41,Fear,-0.18,0.2,-0.6565334444047721,fear,0.0,381.9765958391409,0.4484247272811836,0.4570872806454341,0.4570872806454341
2022-08-12,23933.09,24456.5,23583.0,24403.68,174207.5704,6134163,0.01941760376984897,0.0227989931407487,42,Fear,-0.16,0.0199999999999999,-0.4121792514638961,fear,43.417247627776256,251.96291964484803,0.4493962493439382,0.4524403103030968,0.4524403103030968
2022-08-13,24401.7,24888.0,24291.22,24441.38,152852.25435,5617859,0.0015436569219570487,0.0208763143251542,46,Fear,-0.08,0.08,-0.6139545817645192,neutral,0.0,241.76547321670165,0.4494500925119888,0.4497656973523093,0.4497656973523093
2022-08-14,24443.06,25047.56,24144.0,24305.24,151206.14473,5473905,-0.005585632561017508,0.0216021799588874,47,Neutral,-0.06,0.02,-0.7142994489948084,neutral,176.0602932563059,107.23493506627167,0.3882785675497974,0.43532985142221853,0.43532985142221853
2022-08-15,24305.25,25211.32,23773.22,24094.82,242539.54758,7488466,-0.008695085325241067,0.0201819608853066,45,Fear,-0.1,-0.04,-0.6615364540621174,fear,254.56190705559519,206.00188079935123,0.3907705473889476,0.4482864372365254,0.4482864372365254
2022-08-16,24093.04,24247.49,23671.22,23854.74,179324.94821,5978567,-0.01001393990872997,0.0166486673315276,44,Fear,-0.12,-0.0199999999999999,-0.8472826933151217,fear,10.493713373011257,195.5013442931218,0.2918049356139716,0.4044464099137647,0.4044464099137647
2022-08-17,23856.15,24446.71,23180.4,23342.66,210668.68766,6901586,-0.021700351923622782,0.0126619261567568,41,Fear,-0.18,-0.06,-0.0101119134309981,fear,125.1968761424705,312.6158515643133,0.26994064129048123,0.3932971448101454,0.3932971448101454
2022-08-18,23342.66,23600.0,23111.04,23191.2,144185.97011,6029662,-0.0065096914314182845,0.0126344210614214,30,Fear,-0.4,-0.22,0.0829159562254432,fear,23.551102519105093,314.5227312524532,0.27056983068283685,0.3850636182570144,0.3850636182570144
2022-08-19,23191.45,23208.67,20783.57,20834.39,283995.87747,8860928,-0.10716790958304105,0.035888263379199,33,Fear,-0.34,0.06,0.53388824959193,fear,0.0,1128.2725549492297,0.46360924094495803,0.439289806470076,0.439289806470076
2022-08-20,20834.39,21382.85,20761.9,21140.07,183041.68363,5723362,0.014565304906857087,0.0376098513484963,29,Fear,-0.42,-0.0799999999999999,0.1479464161308274,fear,68.16782546271982,1111.1135506122505,0.4681496676574827,0.43514785388438637,0.43514785388438637
2022-08-21,21140.07,21800.0,21069.11,21515.61,159200.6841,5034461,0.017608426506096567,0.0400440249346384,27,Fear,-0.46,-0.04,-0.128320788392888,fear,0.0,148.63101135277074,0.4747990332667493,0.43698678059421264,0.43698678059421264
2022-08-22,21516.7,21548.71,20890.18,21399.83,222222.04526,6443370,-0.005395740129964921,0.0401704280151304,29,Fear,-0.42,0.04,-0.2347516439193827,fear,84.01990049157332,64.59617836603945,0.4738577537714671,0.43564587809062255,0.43564587809062255
2022-08-23,21400.75,21684.87,20890.14,21529.12,200967.77164,6333442,0.00602345926973469,0.0410223923406261,28,Fear,-0.44,-0.02,-0.4398366673470535,fear,270.743508730625,66.83913245007913,0.4748171435648294,0.433831613984746,0.433831613984746
2022-08-24,21529.11,21900.0,21145.0,21368.08,174383.22046,5561412,-0.007508217623966096,0.0409263026790909,25,Extreme Fear,-0.5,-0.06,-0.7308052448158525,extreme_fear,97.16148718637166,156.76710024941372,0.47465939008919317,0.4334538602727031,0.4334538602727031
2022-08-25,21368.05,21819.88,21310.15,21559.04,169915.78301,5618785,0.008896998430986994,0.0416675893601434,25,Extreme Fear,-0.5,0.0,-0.7525914650008901,extreme_fear,174.309090566199,101.04277456041041,0.46098144405802466,0.4285965884295941,0.4285965884295941
2022-08-26,21559.04,21886.77,20107.9,20241.05,273811.61955,7587244,-0.06308249760374372,0.0269831525782238,27,Fear,-0.46,0.0399999999999999,0.0939940186699721,fear,78.07616132742572,697.1593485729692,0.5056327626448143,0.4633254496825132,0.4633254496825132
2022-08-27,20239.14,20402.93,19800.0,20037.6,162582.46032,5263328,-0.010102211978267828,0.02575276073404,28,Fear,-0.44,0.02,-0.0749289383309319,fear,0.0,709.2190594105032,0.5022700619434705,0.46488580793232903,0.46488580793232903
2022-08-28,20037.6,20171.18,19520.0,19555.61,139307.95976,4678693,-0.024348306776797283,0.0237326991789781,28,Fear,-0.44,0.0,-0.1269064809523815,fear,5.322082761807463,282.65038704633116,0.4886300444645529,0.4597640295659259,0.4597640295659259
2022-08-29,19555.61,20433.62,19550.79,20285.73,210509.49545,5840323,0.03665548140456874,0.0306058314501462,24,Extreme Fear,-0.52,-0.08,-0.5444390458785031,extreme_fear,224.0399659776674,414.8322969898668,0.510122730807269,0.4590996492578407,0.4590996492578407
2022-08-30,20287.2,20576.25,19540.0,19811.66,256634.35529,6593178,-0.023647029931174457,0.0305035353549312,27,Fear,-0.46,0.06,-0.7020339925223608,fear,393.53139099415284,410.7774553310377,0.4897348226713457,0.45026517996222526,0.45026517996222526
2022-08-31,19813.03,20490.0,19797.94,20050.02,276946.60765,6389133,0.011959497995954903,0.0317861720590299,23,Extreme Fear,-0.54,-0.08,-0.7141906111542551,extreme_fear,250.59239944463428,216.76840103236358,0.49481148192315155,0.44655325804503226,0.44655325804503226
2022-09-01,20048.44,20208.37,19565.66,20131.46,245289.97263,5937975,0.004053614327647557,0.031388450395899,20,Extreme Fear,-0.6,-0.0599999999999999,-0.5842045934542075,extreme_fear,24.405210803189306,0.0,0.48609715163932504,0.44513576411684214,0.44513576411684214
2022-09-02,20132.64,20441.26,19755.29,19951.86,245986.6033,5740705,-0.008961393513317224,0.0217429704630829,25,Extreme Fear,-0.5,0.0999999999999999,-0.6008568634552963,extreme_fear,77.95078994309831,152.35971453942904,0.48432361142852,0.4480667060120334,0.4480667060120334
2022-09-03,19950.98,20055.93,19652.72,19831.9,146639.03204,3739909,-0.006030619708257377,0.0215417997289748,21,Extreme Fear,-0.58,-0.0799999999999999,-0.487481303383515,extreme_fear,9.157686429668502,121.40780109162269,0.4842705904612351,0.44328742965433526,0.44328742965433526
2022-09-04,19832.45,20029.23,19583.1,20000.3,145588.77893,3838915,0.008455521077103931,0.0191898482709579,20,Extreme Fear,-0.6,-0.02,-0.3127709324263961,extreme_fear,156.2311723980185,133.00634486890615,0.48876908292691845,0.42794036604831887,0.42794036604831887
2022-09-05,20000.3,20057.27,19633.83,19796.84,222543.01057,4657233,-0.010224944437388826,0.0123637611160989,23,Extreme Fear,-0.54,0.0599999999999999,-0.7376133788972421,extreme_fear,171.4703902627277,147.44788801364976,0.4887736731908351,0.42728538183692794,0.42728538183692794
2022-09-06,19795.34,20180.0,18649.51,18790.61,356315.05718,7124384,-0.052165052029039496,0.0210529448550708,22,Extreme Fear,-0.56,-0.02,-0.1907853594624717,extreme_fear,68.45009829903353,601.1258219795822,0.5104860942455112,0.44495703582248775,0.44495703582248775
2022-09-07,18790.61,19464.06,18510.77,19292.84,287394.7788,5597127,0.02637676564806005,0.0238528113922348,24,Extreme Fear,-0.52,0.04,0.0095253500225045,extreme_fear,172.91032149661527,647.9821575562593,0.5272629622637462,0.45547208743362977,0.45547208743362977
2022-09-08,19292.85,19458.25,19012.0,19319.77,262813.28273,6013826,0.0013948813284810479,0.0237004035221288,20,Extreme Fear,-0.6,-0.0799999999999999,0.0301696126582305,extreme_fear,123.13499759452466,288.81504682943626,0.3799852310090158,0.3931272381881766,0.3931272381881766
2022-09-09,19320.54,21597.22,19291.75,21360.11,428919.74652,7777214,0.10039623993986292,0.0480566944891255,22,Extreme Fear,-0.56,0.0399999999999999,0.1182512091641206,extreme_fear,0.0,905.4957143222903,0.5281727227085359,0.4566343951873023,0.4566343951873023
2022-09-10,21361.62,21810.8,21111.13,21648.34,307997.33504,5615783,0.013403613252505489,0.0474852359271609,28,Fear,-0.44,0.12,0.046961261307457,fear,0.0,905.7095342861995,0.5265766180350273,0.45613717595982883,0.45613717595982883
2022-09-11,21647.21,21860.0,21350.0,21826.87,280702.55149,4801844,0.008213002469083833,0.047489651355685,26,Fear,-0.48,-0.0399999999999999,0.00778103695431,fear,130.2582888161899,198.2449647989388,0.5268373708167089,0.45411017417890265,0.45411017417890265
2022-09-12,21826.87,22488.0,21538.51,22395.74,395395.61828,6979539,0.02572898259027063,0.0464430346074955,25,Extreme Fear,-0.5,-0.02,7.718666713692053e-05,extreme_fear,0.0,320.243690843604,0.5339311123685639,0.4564405025178124,0.4564405025178124
2022-09-13,22395.44,22799.0,19860.0,20173.57,431915.03333,8126869,-0.10449743036114226,0.0601057238437981,34,Fear,-0.32,0.18,-0.7583450543617386,fear,158.9777487147646,1170.1535133005577,0.6542193677363537,0.5378670939531893,0.5378670939531893
2022-09-14,20173.62,20541.48,19617.62,20226.71,340826.40151,6313052,0.002630676354029713,0.0597947336338246,27,Fear,-0.46,-0.14,-0.7547612627477178,fear,0.0,1122.2877892147333,0.6531008846853502,0.5444129589142416,0.5444129589142416
2022-09-15,20227.17,20330.24,19497.0,19701.88,333069.76076,6690974,-0.026289945533484776,0.0611988598463611,28,Fear,-0.44,0.02,-0.9643003356534317,fear,241.78535305997357,247.5626629935262,0.6205993251145622,0.5212371696729334,0.5212371696729334
2022-09-16,19701.88,19890.0,19320.01,19803.3,283791.07064,5120935,0.00513452781707948,0.0424058329975698,20,Extreme Fear,-0.6,-0.1599999999999999,-0.7646859968423413,extreme_fear,0.0,258.7070106024187,0.6201058518541409,0.5209999865012992,0.5209999865012992
2022-09-17,19803.3,20189.0,19748.08,20113.62,179350.24338,3862666,0.0155486070502051,0.0426137447329917,22,Extreme Fear,-0.56,0.0399999999999999,-0.8349754938556289,extreme_fear,0.0,179.44153646683358,0.6159883346914764,0.5184237400722496,0.5184237400722496
2022-09-18,20112.61,20117.26,19335.62,19416.18,254217.46904,4634096,-0.03529045844411419,0.042700688472043,27,Fear,-0.46,0.1,-0.8466775638860459,fear,52.55811377881667,372.4015183012414,0.6143217063006523,0.5167548383004079,0.5167548383004079
2022-09-19,19417.45,19686.2,18232.56,19537.02,380512.40306,6820580,0.006204388221696427,0.040037355376828,21,Extreme Fear,-0.58,-0.1199999999999999,-0.8938650577564317,extreme_fear,0.0,387.2431247614875,0.6096136752751838,0.5306993931851989,0.5306993931851989
2022-09-20,19537.02,19634.62,18711.87,18875.0,324098.3286,5900070,-0.03447283217250921,0.021374090096338,23,Extreme Fear,-0.54,0.0399999999999999,-0.5649558400352521,extreme_fear,334.3961245342541,387.3323622470896,0.6190347360083094,0.5355435551825498,0.5355435551825498
2022-09-21,18874.31,19956.0,18125.98,18461.36,385034.10021,6907777,-0.022158395968022992,0.0211092552329113,23,Extreme Fear,-0.54,0.0,-0.7222171204889485,extreme_fear,274.5469914044472,506.5152548407757,0.6220474434732215,0.5692994779535754,0.5692994779535754
2022-09-22,18461.36,19550.17,18356.39,19401.63,379321.72111,6251862,0.049677183991239306,0.0308581062002214,22,Extreme Fear,-0.56,-0.02,-0.5789654303340552,extreme_fear,453.7778314906607,592.7687543185505,0.6504338806391683,0.5803857285359237,0.5803857285359237
2022-09-23,19401.63,19500.0,18531.42,19289.91,385886.91829,5906265,-0.005774921881411174,0.0307247122278573,20,Extreme Fear,-0.6,-0.0399999999999999,-0.5131202778701237,extreme_fear,434.9891717921244,458.3928850228601,0.6504103603987126,0.5888707326873042,0.5888707326873042
2022-09-24,19288.57,19316.14,18805.34,18920.5,239496.56746,3907636,-0.019336170941039267,0.0299420157224193,24,Extreme Fear,-0.52,0.0799999999999999,-0.5210272806619662,extreme_fear,159.7939962183102,108.75964635547197,0.6523118162895739,0.5896837209313313,0.5896837209313313
2022-09-25,18921.99,19180.21,18629.2,18807.38,191191.4492,3714450,-0.0059966443373075,0.0276052706804279,24,Extreme Fear,-0.52,0.0,-0.3518564271279899,extreme_fear,81.7431002542694,188.46034372348038,0.6518438366326447,0.5912013613823217,0.5912013613823217
2022-09-26,18809.13,19318.96,18680.72,19227.82,439239.21943,5837041,0.02210884264131569,0.0292468172044011,21,Extreme Fear,-0.58,-0.0599999999999999,-0.4189702153402826,extreme_fear,196.053607966852,240.43362674796714,0.6298288444212528,0.5712947128088106,0.5712947128088106
2022-09-27,19226.68,20385.86,18816.32,19079.13,593260.74161,8152473,-0.00776312114359553,0.0259687688368031,20,Extreme Fear,-0.6,-0.02,-0.2502833862508278,extreme_fear,0.0,308.7157488238453,0.6233174315374733,0.586589668973871,0.586589668973871
2022-09-28,19078.1,19790.0,18471.28,19412.82,521385.45547,7357437,0.01733860506675769,0.0241747815736962,20,Extreme Fear,-0.6,0.0,-0.22157644519276,extreme_fear,171.0059633876271,301.9264329474535,0.6265405444643527,0.6027041351178198,0.6027041351178198
2022-09-29,19412.82,19645.52,18843.01,19591.51,406424.93256,5631615,0.009162636565833372,0.0151122038397751,22,Extreme Fear,-0.56,0.0399999999999999,-0.4632572481938097,extreme_fear,280.7905505106008,285.2996900553166,0.5050181808664372,0.5596827332623951,0.5596827332623951
2022-09-30,19590.54,20185.0,19155.36,19422.61,444322.9534,6254203,-0.008658457767896248,0.0153774570716962,21,Extreme Fear,-0.58,-0.0199999999999999,-0.5172896657087248,extreme_fear,0.0,234.66022051666226,0.500802425741426,0.5664550380950565,0.5664550380950565
2022-10-01,19422.61,19484.0,19159.42,19310.95,165625.13959,2470590,-0.00576555882359139,0.0131052191728297,20,Extreme Fear,-0.6,-0.02,-0.1366976591596876,extreme_fear,63.4704642950163,151.88907765187705,0.4982050907316064,0.5653505694469155,0.5653505694469155
2022-10-02,19312.24,19395.91,18920.35,19056.8,206812.47032,3320217,-0.013248299277497894,0.0141633551738715,24,Extreme Fear,-0.52,0.0799999999999999,-0.2914444481324834,extreme_fear,14.933979452864726,121.83736828150538,0.4841668945889921,0.5603253080819992,0.5603253080819992
2022-10-03,19057.74,19719.1,18959.68,19629.08,293585.75212,4471910,0.029588146889959064,0.0161607750512512,24,Extreme Fear,-0.52,0.0,0.2477286401719771,extreme_fear,123.39477805807499,315.3124949079016,0.34349357336200353,0.48416649497170516,0.48416649497170516
2022-10-04,19629.08,20475.0,19490.6,20337.82,327012.00127,4871932,0.0354700667521785,0.0194402664234806,20,Extreme Fear,-0.6,-0.0799999999999999,-0.1198942314833474,extreme_fear,0.0,449.2490510556112,0.3675041877922328,0.48561962684397414,0.48561962684397414
2022-10-05,20337.82,20365.6,19730.0,20158.26,312239.75224,4540004,-0.008868076947532767,0.0201315711824223,25,Extreme Fear,-0.5,0.0999999999999999,-0.2251219772469185,extreme_fear,225.00093078007936,337.75551016405115,0.3558195220822485,0.48211642074060784,0.48211642074060784
2022-10-06,20158.26,20456.6,19853.0,19960.67,320122.1702,5085004,-0.009850292500254246,0.0208291205149633,26,Fear,-0.48,0.02,-0.3266260447032463,fear,179.87214190555125,96.42878009132704,0.35756257203753605,0.4823596938147656,0.4823596938147656
2022-10-07,19960.67,20068.82,19320.0,19530.09,220874.83913,4324772,-0.02180748428132239,0.0225243114700877,23,Extreme Fear,-0.54,-0.06,-0.3866167255505167,extreme_fear,0.0,239.19116017422533,0.36113537801143847,0.4868535715371605,0.4868535715371605
2022-10-08,19530.09,19627.38,19237.14,19417.96,102480.09842,2637385,-0.005757942171450429,0.0225239332725415,24,Extreme Fear,-0.52,0.02,-0.5844955028313036,extreme_fear,16.3998676556924,195.90691465024958,0.3389913374745816,0.481375406250615,0.481375406250615
2022-10-09,19416.52,19558.0,19316.04,19439.02,113900.82681,2833704,0.001083975237505919,0.0216576340013184,22,Extreme Fear,-0.56,-0.04,-0.5469468311478077,extreme_fear,85.59011070220633,29.51209223158665,0.3382357001523367,0.45352575245469495,0.45352575245469495
2022-10-10,19439.96,19525.0,19020.25,19131.87,212509.09849,4432688,-0.015926855342589977,0.0188888047954833,22,Extreme Fear,-0.56,0.0,-0.6194838153229479,extreme_fear,27.01803103559599,153.77162593151988,0.3192205573639062,0.44527864458614136,0.44527864458614136
2022-10-11,19131.87,19268.09,18860.0,19060.0,243473.84286,4792106,-0.003763632670309744,0.0075772294862949,24,Extreme Fear,-0.52,0.04,0.061255747501484,extreme_fear,0.0,154.79415883936431,0.3082585338341913,0.3978860307013873,0.3978860307013873
2022-10-12,19060.0,19238.31,18965.88,19155.53,213826.26731,4556597,0.00499954855969873,0.0093007948510366,20,Extreme Fear,-0.6,-0.0799999999999999,-0.3670650734197628,extreme_fear,104.19259936757291,54.22892895684054,0.251378194203511,0.37576191419595323,0.37576191419595323
2022-10-13,19155.1,19513.79,18190.0,19375.13,399756.68337,7470896,0.011398838108565434,0.0115258045965959,20,Extreme Fear,-0.6,0.0,-0.5981334632527772,extreme_fear,34.59853751842153,252.85628651851712,0.25410073896571017,0.38965164736543845,0.38965164736543845
2022-10-14,19375.58,19951.87,19070.37,19176.93,351634.32601,6688310,-0.010282290815579725,0.0092464828521083,24,Extreme Fear,-0.52,0.0799999999999999,-0.6738654267073384,extreme_fear,0.0,313.86416584221286,0.24678576864025026,0.39729534617536816,0.39729534617536816
2022-10-15,19176.93,19227.68,18975.18,19069.39,113847.64232,3052219,-0.0056235623928088925,0.0092389719056494,24,Extreme Fear,-0.52,0.0,-0.6721169687659359,extreme_fear,0.0,195.7666116079245,0.2466555540477475,0.3934164285404175,0.3934164285404175
2022-10-16,19068.4,19425.84,19063.74,19262.98,131894.61885,3438605,0.010100687533673864,0.0103962524855068,24,Extreme Fear,-0.52,0.0,-0.3946117156446565,extreme_fear,0.0,61.27931773282756,0.2362917663520269,0.3889169650407261,0.3889169650407261
2022-10-17,19262.98,19676.96,19152.03,19549.86,222813.87634,5162979,0.014783006060808625,0.0096860871472407,20,Extreme Fear,-0.6,-0.0799999999999999,-0.7072911900321862,extreme_fear,30.94750891446114,148.87550398114075,0.23987755658108129,0.35413169782813075,0.35413169782813075
2022-10-18,19548.48,19706.66,19091.0,19327.44,260313.07848,5588482,-0.011442277457683746,0.0109368840506575,22,Extreme Fear,-0.56,0.0399999999999999,-0.5646710619216844,extreme_fear,240.35434715704957,171.15210982540748,0.23594814264418712,0.32920566555042713,0.32920566555042713
2022-10-19,19327.44,19360.16,19065.97,19123.97,186137.29538,4545820,-0.010583325769578811,0.0117786671785905,23,Extreme Fear,-0.54,0.02,-0.5783100214320614,extreme_fear,52.837241553842176,136.3701565037803,0.23594404052376206,0.31864833827196964,0.31864833827196964
2022-10-20,19123.35,19347.82,18900.0,19041.92,223530.13068,5391090,-0.004299657437842867,0.0106332535435682,23,Extreme Fear,-0.54,0.0,-0.4434351930845358,extreme_fear,94.73835928483432,117.08869939761802,0.23462203620069794,0.302607409933995,0.302607409933995
2022-10-21,19041.92,19250.0,18650.0,19164.37,269310.75769,5679281,0.006409961253210738,0.0104587624647529,23,Extreme Fear,-0.54,0.0,-0.3331249168856101,extreme_fear,63.974349519960455,134.00631729105746,0.2353145002991385,0.30796972524564215,0.30796972524564215
2022-10-22,19164.37,19257.0,19112.72,19204.35,110403.90837,2887106,0.0020839900038091587,0.0101774467064155,20,Extreme Fear,-0.6,-0.0599999999999999,-0.2403345134954043,extreme_fear,12.487746587959895,121.06787005794685,0.23043795581663803,0.30381226341994355,0.30381226341994355
2022-10-23,19204.29,19695.0,19070.11,19570.4,167057.20184,3939703,0.018881404774908718,0.0119139047205408,23,Extreme Fear,-0.54,0.0599999999999999,-0.2303285728719601,extreme_fear,20.894140045793876,190.56021775338252,0.21506331161116307,0.3000282795014369,0.3000282795014369
2022-10-24,19570.4,19601.15,19157.0,19329.72,256168.14467,5676899,-0.012374412787988572,0.0115608155097803,22,Extreme Fear,-0.56,-0.02,0.1246380118291582,extreme_fear,176.62878198541708,207.76057676362842,0.1728827026032929,0.2852566884618302,0.2852566884618302
2022-10-25,19330.6,20415.87,19237.0,20080.07,326370.67061,7214687,0.03808397301398036,0.0181473443568729,20,Extreme Fear,-0.6,-0.0399999999999999,-0.4619652076695893,extreme_fear,2.3201536145020816,316.68950778207943,0.22312789894439938,0.3047603859153876,0.3047603859153876
2022-10-26,20079.02,21020.0,20050.41,20771.59,380492.69576,8512349,0.033858406805051616,0.0193977116053816,33,Fear,-0.34,0.2599999999999999,0.3838115657480657,fear,0.0,404.9597699534601,0.25032438908842547,0.3145431228993086,0.3145431228993086
2022-10-27,20771.61,20872.21,20200.0,20295.11,328643.57791,7748080,-0.023206217347907374,0.0229659576207254,32,Fear,-0.36,-0.0199999999999999,-0.1127180313465124,fear,247.12417014542945,367.6001729795563,0.2521308315359042,0.3118269527000924,0.3118269527000924
2022-10-28,20295.11,20750.0,20000.09,20591.84,287039.94569,6638096,0.014514910485440964,0.0229997915081964,30,Fear,-0.4,-0.04,-0.0889588456356254,fear,158.81635181142013,290.695969072835,0.2542023905915497,0.3186858617815755,0.3186858617815755
2022-10-29,20591.84,21085.0,20554.01,20809.67,254881.77755,6255599,0.01052290170330112,0.0227015292576766,34,Fear,-0.32,0.08,-0.1698952433393523,fear,0.0,169.4729479446479,0.25549562832622863,0.32219999829061197,0.32219999829061197
2022-10-30,20809.68,20931.21,20515.0,20627.48,192795.60886,4920007,-0.008793615102669194,0.0236250882200588,34,Fear,-0.32,0.0,-0.2244516629121362,fear,122.13642845123258,84.74698513599425,0.24952126602572006,0.3202009186304577,0.3202009186304577
2022-10-31,20627.48,20845.92,20237.95,20490.74,303567.61628,6571526,-0.006651090639639452,0.0229083641029507,31,Fear,-0.38,-0.06,-0.54176710968011,fear,50.41290815318298,107.85762199953506,0.2508833169856287,0.3231522919162685,0.3231522919162685
2022-11-01,20490.74,20700.0,20330.74,20483.62,279932.43771,5971938,-0.00034753441282134187,0.0186894311822639,30,Fear,-0.4,-0.02,0.0832398488738716,fear,121.75565357986115,58.690960657681345,0.25121083300444685,0.3239990603003712,0.3239990603003712
2022-11-02,20482.81,20800.0,20048.04,20151.84,373716.27299,7431698,-0.016329943003790245,0.0135965159351911,30,Fear,-0.4,0.0,0.0095266468613992,fear,100.5267512614295,211.1525879960758,0.2586036148763885,0.2978422186999368,0.2978422186999368
2022-11-03,20151.84,20393.32,20031.24,20207.82,319185.1544,6948227,0.002774058844848819,0.0109104372029701,30,Fear,-0.4,0.0,0.0464414577059152,fear,79.38489245644392,210.0136594298117,0.2545229843879952,0.28441020792278965,0.28441020792278965
2022-11-04,20207.12,21302.05,20180.96,21148.52,453694.39165,9249613,0.04550026847944526,0.0206473647543761,30,Fear,-0.4,0.0,-0.1508126744179112,fear,0.0,413.6415450813375,0.29417201273858895,0.30557825248574727,0.30557825248574727
2022-11-05,21148.52,21480.65,21080.65,21299.37,245621.98525,5570832,0.007107568128679593,0.0205048934863292,38,Fear,-0.24,0.16,-0.0796031601089287,fear,0.0,412.3582659814843,0.29369867877102834,0.30557292012726356,0.30557292012726356
2022-11-06,21299.37,21365.27,20886.13,20905.58,230036.97217,5268210,-0.018661385830795497,0.0217660398306709,40,Fear,-0.2,0.0399999999999999,-0.3075240016345537,fear,33.5755620994554,202.3840789771472,0.3028120568874352,0.30395727279038515,0.30395727279038515
2022-11-07,20905.58,21069.77,20384.89,20591.13,386977.60337,8344242,-0.015155708438383623,0.0225474550547446,33,Fear,-0.34,-0.14,-0.3316453817191767,fear,0.0,247.16389761037118,0.30549340405018044,0.30458899080449625,0.30458899080449625
2022-11-08,20590.67,20700.88,17166.83,18547.23,760705.362783,14530601,-0.10453994878635704,0.0441320047414754,31,Fear,-0.38,-0.0399999999999999,0.0167946647532169,fear,0.0,695.9398678842406,0.48869895365769644,0.5009595623525538,0.5009595623525538
2022-11-09,18545.38,18587.76,15588.0,15922.81,731926.929729,13605474,-0.15256777937932994,0.0656887479820578,29,Fear,-0.42,-0.0399999999999999,0.3070023522965505,fear,0.0,1742.2267667248925,0.7257456184720233,0.623892194830371,0.623892194830371
2022-11-10,15922.68,18199.0,15754.26,17601.15,608448.36432,12719887,0.10021156844027021,0.0835414620885671,22,Extreme Fear,-0.56,-0.14,-0.2533731497227124,extreme_fear,1243.2692848855265,1628.0671559999505,0.8220559651873635,0.6922821255977231,0.6922821255977231
2022-11-11,17602.45,17695.0,16361.6,17070.31,393552.86492,9900073,-0.030623543661599417,0.0787951658216864,25,Extreme Fear,-0.5,0.06,-0.1959673093957491,extreme_fear,480.376135994063,839.1060579439821,0.826895395078249,0.7119629915171619,0.7119629915171619
2022-11-12,17069.98,17119.1,16631.39,16812.08,167819.96035,5046837,-0.015243021519595543,0.0776087015206582,21,Extreme Fear,-0.58,-0.0799999999999999,-0.3266997466817676,extreme_fear,124.605522638589,0.0,0.8221956058100622,0.7113109630221083,0.7113109630221083
2022-11-13,16813.16,16954.28,16229.0,16329.85,184960.78846,5382834,-0.02910295424526251,0.0774390895592204,22,Extreme Fear,-0.56,0.0199999999999999,-0.5308719022846224,extreme_fear,0.0,326.98109424537256,0.8256222151038661,0.7157252701395314,0.7157252701395314
2022-11-14,16331.78,17190.0,15815.21,16619.46,380210.7775,9215128,0.017579576532614275,0.079599858334209,24,Extreme Fear,-0.52,0.04,-0.7574078485624324,extreme_fear,259.99764433086733,340.46612585250443,0.813418032219307,0.7264725305907579,0.7264725305907579
2022-11-15,16617.72,17134.69,16527.72,16900.57,282461.84391,7200265,0.01677305124617919,0.074028735941257,22,Extreme Fear,-0.56,-0.04,-0.7437535510409277,extreme_fear,180.28745388059247,193.26203562386425,0.8035518686661679,0.7235596865841291,0.7235596865841291
2022-11-16,16900.57,17015.92,16378.61,16662.76,261493.40809,6297404,-0.014171059886846265,0.0474051502093058,23,Extreme Fear,-0.54,0.02,-0.2320809916853677,extreme_fear,178.34217534874952,141.26865076938034,0.802267929779866,0.7247694265862271,0.7247694265862271
2022-11-17,16661.61,16751.0,16410.74,16692.56,228038.97873,5352083,0.0017868218880000477,0.0199272915142226,20,Extreme Fear,-0.6,-0.0599999999999999,-0.1723755029498974,extreme_fear,124.73285486117705,90.9875458133458,0.7984017400550606,0.7218359501400999,0.7218359501400999
2022-11-18,16692.56,17011.0,16546.04,16700.45,214224.18184,5114799,0.00047255399539148176,0.0172762127816835,23,Extreme Fear,-0.54,0.0599999999999999,0.261177109162989,extreme_fear,0.0,44.10246536332213,0.7956847927338724,0.7222056822935021,0.7222056822935021
2022-11-19,16699.43,16822.41,16553.53,16700.68,104963.15558,3142123,1.377198915139681e-05,0.0164313680945079,23,Extreme Fear,-0.54,0.0,0.1658664598467427,extreme_fear,104.861210000616,0.0,0.7966222038078409,0.7217531286939468,0.7217531286939468
2022-11-20,16700.68,16753.33,16180.0,16280.23,154842.13478,4557344,-0.025497948917879515,0.015465504905765,24,Extreme Fear,-0.52,0.02,-0.2372509967260881,extreme_fear,0.0,243.21113902200403,0.7982035625684909,0.7228115078167907,0.7228115078167907
2022-11-21,16279.5,16319.0,15476.0,15781.29,324096.997753,7440871,-0.031126427112839597,0.0167992697782183,21,Extreme Fear,-0.58,-0.0599999999999999,-0.1608700289873555,extreme_fear,0.0,330.9248576234883,0.7999744342439952,0.7305947480449729,0.7305947480449729
2022-11-22,15781.29,16315.0,15616.63,16226.94,239548.06623,6276097,0.02784776288354211,0.0197921677686515,22,Extreme Fear,-0.56,0.0199999999999999,-0.1562858515251609,extreme_fear,379.3375116167639,363.9083749788149,0.8128313296587117,0.732328475019824,0.732328475019824
2022-11-23,16227.96,16706.0,16160.2,16603.11,264927.70408,6260616,0.02291720320295262,0.0220252552190977,22,Extreme Fear,-0.56,0.0,-0.1265176473566858,extreme_fear,0.0,361.70218828720664,0.8204125480312209,0.7347521089496483,0.7347521089496483
2022-11-24,16603.11,16812.63,16458.05,16598.95,206565.92346,5031851,-0.00025058686248794284,0.0220064484027093,20,Extreme Fear,-0.6,-0.0399999999999999,-0.1020265298568368,extreme_fear,0.0,215.7133857284671,0.7951784216325182,0.7270780281657965,0.7270780281657965
2022-11-25,16599.55,16666.0,16342.81,16522.14,182089.49533,4396465,-0.004638140695062483,0.0220495882148764,20,Extreme Fear,-0.6,0.0,-0.0635707059974828,extreme_fear,14.560138911472269,0.0,0.7925016967683799,0.7271722611641188,0.7271722611641188
2022-11-26,16521.35,16701.99,16385.0,16458.57,181804.81666,3817130,-0.003854985458206651,0.022058850015711,22,Extreme Fear,-0.56,0.0399999999999999,-0.0842153819856805,extreme_fear,136.59697595372825,54.591252521281746,0.7927669102968216,0.7267119011741667,0.7267119011741667
2022-11-27,16457.61,16600.0,16401.0,16428.78,162025.47607,3362221,-0.0018116393171025897,0.019573211997959,26,Fear,-0.48,0.08,0.1448549064214831,fear,84.0023289203668,74.72358201352287,0.7934678736157288,0.7237462467695586,0.7237462467695586
2022-11-28,16428.77,16487.04,15995.27,16212.91,252695.40367,5570407,-0.013226836427965193,0.0154762142148843,28,Fear,-0.44,0.0399999999999999,-0.3565307576743346,fear,0.0,79.15053207036686,0.7132910894953332,0.6072266852608316,0.6072266852608316
2022-11-29,16212.18,16548.71,16100.0,16442.53,248106.25009,5206638,0.014063432280211978,0.0124062937089378,26,Fear,-0.48,-0.0399999999999999,-0.1641968806568342,fear,166.1538539759538,156.79364650117842,0.46259769885066787,0.481025027514636,0.481025027514636
2022-11-30,16442.91,17249.0,16428.3,17163.64,303019.80719,6519330,0.042921922045645745,0.0190073461860233,29,Fear,-0.42,0.06,0.478691642258135,fear,0.0,421.3395387292583,0.32481040431543834,0.3842070934800983,0.3842070934800983
2022-12-01,17165.53,17324.0,16855.01,16977.37,232818.18218,5097720,-0.010911911994265286,0.0198887180385542,27,Fear,-0.46,-0.04,0.388715484737748,fear,68.9493158313577,420.84264298632104,0.3082908226577899,0.3509192325334247,0.3509192325334247
2022-12-02,16978.0,17105.73,16787.85,17092.74,202372.2062,4305515,0.006772531170246441,0.0195874375936741,27,Fear,-0.46,0.0,0.3882876522828453,fear,43.58710283471865,160.7021205456396,0.30398663520994357,0.34777433254653645,0.34777433254653645
2022-12-03,17092.13,17188.98,16858.74,16885.2,154542.57306,3308694,-0.012216313353321956,0.0204456076491096,27,Fear,-0.46,0.0,0.4451730959781421,fear,81.40824812260735,178.8818133141409,0.28739115697277656,0.3375951613611678,0.3375951613611678
2022-12-04,16885.2,17202.84,16878.25,17105.7,178619.13387,3948990,0.012974242698661298,0.0205331381360411,26,Fear,-0.48,-0.0199999999999999,0.3142531510264001,fear,168.57231809256047,171.7256724289836,0.2844602235430412,0.28990271656754135,0.28990271656754135
2022-12-05,17106.65,17424.25,16867.0,16966.35,233703.29225,5138207,-0.008179770631694087,0.0198337245630488,26,Fear,-0.48,0.0,0.5920009983671382,fear,124.82385548774877,165.3451603053736,0.2803838771212991,0.2879818391990262,0.2879818391990262
2022-12-06,16966.35,17107.01,16906.37,17088.96,218730.76883,4416864,0.007200670308000258,0.0195688489848607,25,Extreme Fear,-0.5,-0.02,0.5416137867005032,extreme_fear,50.09222065856181,154.9750016877446,0.27609111773053224,0.2773876312645307,0.2773876312645307
2022-12-07,17088.96,17142.21,16678.83,16836.64,220657.41334,4284989,-0.014875177009226765,0.0113128782710154,29,Fear,-0.42,0.08,-0.6378578266800586,fear,58.7068283708331,142.3692660282386,0.281944577749124,0.28007623624513733,0.28007623624513733
2022-12-08,16836.64,17299.0,16733.49,17224.1,236417.97804,4520282,0.022752101931693153,0.0141304211024694,25,Extreme Fear,-0.5,-0.08,-0.7287169958839587,extreme_fear,158.57567416049216,258.5733273444925,0.2928693001902412,0.2827941840984998,0.2827941840984998
2022-12-09,17224.1,17360.0,17058.21,17128.56,238422.06465,4282003,-0.005562320142259912,0.014223676431613,26,Fear,-0.48,0.02,-0.7424458513685671,fear,19.867064742565127,245.24726527094634,0.2939225954256106,0.28317908164895755,0.28317908164895755
2022-12-10,17128.56,17227.72,17092.0,17127.49,140573.97937,3032257,-6.247071687181942e-05,0.0131421533428786,27,Fear,-0.46,0.0199999999999999,-0.7242611615826202,fear,41.06620985994599,72.59527572357138,0.27655937910385575,0.2737963292387338,0.2737963292387338
2022-12-11,17127.49,17270.99,17071.0,17085.05,155286.47871,3260722,-0.0024809629316508166,0.0122679767896327,26,Fear,-0.48,-0.0199999999999999,-0.7321733369759893,fear,58.70431700699231,50.22835932368685,0.24747724874491273,0.2505919808585442,0.2505919808585442
2022-12-12,17085.05,17241.89,16871.85,17209.83,226227.49694,4463916,0.007276920090016073,0.0119669510289463,27,Fear,-0.46,0.0199999999999999,-0.7335012622847223,fear,29.993187656788518,123.90104134693911,0.2314019713831472,0.23714449659591677,0.23714449659591677
2022-12-13,17208.93,18000.0,17080.14,17774.7,284462.9139,6242080,0.032295365713004065,0.0167496943653505,27,Fear,-0.46,0.0,-0.444675945638012,fear,0.0,309.80864906167085,0.2441815595581027,0.25244380578017733,0.25244380578017733
2022-12-14,17775.82,18387.95,17660.94,17803.15,266681.22209,5743730,0.0015993100237424041,0.0143830291646909,30,Fear,-0.4,0.06,-0.1848781438524877,fear,0.0,282.2383086721045,0.24390194428546177,0.26278968716425793,0.26278968716425793
2022-12-15,17804.01,17854.82,17275.51,17356.34,223701.96882,4789226,-0.025417550422032493,0.0172703008282329,31,Fear,-0.38,0.02,-0.4574292847047901,fear,0.0,240.34748113088634,0.26346798520646453,0.26881169622547235,0.26881169622547235
2022-12-16,17356.96,17531.73,16527.32,16632.12,253379.04116,5703001,-0.042622091974556034,0.0238090337748062,29,Fear,-0.42,-0.0399999999999999,-0.5443185336119799,fear,0.0,524.9219040050756,0.3079751432717033,0.293954470491521,0.293954470491521
2022-12-17,16631.5,16796.82,16579.85,16776.52,144825.66684,3905843,0.008644524244231441,0.0242717951362426,28,Fear,-0.44,-0.02,-0.5479286706798767,fear,34.17567813337472,462.1320743401856,0.3091574223653187,0.29413672846987465,0.29413672846987465
2022-12-18,16777.54,16863.26,16663.07,16738.21,112619.31646,3369193,-0.0022861599473239873,0.0242722013642915,26,Fear,-0.48,-0.0399999999999999,-0.5496145294436536,fear,17.01266538607324,98.85684791333513,0.30486708049842043,0.288092657587025,0.288092657587025
2022-12-19,16739.0,16815.99,16256.3,16438.88,179094.28305,4681887,-0.018044869047170384,0.0244135181066043,29,Fear,-0.42,0.06,-0.5358881265547876,fear,0.0,149.18050587126854,0.3087291448836654,0.2911536908645532,0.2911536908645532
2022-12-20,16438.88,17061.27,16397.2,16895.56,248808.92324,5945803,0.027401604731458414,0.0231073740147292,29,Fear,-0.42,0.0,-0.2631664138468548,fear,92.74365884138678,271.32208689572406,0.2840306082241663,0.2848393321669423,0.2848393321669423
2022-12-21,16896.15,16925.0,16723.0,16824.67,156810.96362,4375570,-0.004204603849787203,0.0228506696938438,26,Fear,-0.48,-0.06,-0.3182901018083625,fear,42.874418639743794,231.5887081584459,0.28184894817694783,0.27993854053271655,0.27993854053271655
2022-12-22,16824.68,16868.52,16559.85,16821.43,176044.27235,4678640,-0.00019259290140687945,0.0216173957313805,28,Fear,-0.44,0.0399999999999999,-0.1325697584859705,fear,5.24551308392989,0.0,0.28056254396585156,0.2798508958863737,0.2798508958863737
2022-12-23,16821.9,16955.14,16731.13,16778.5,161612.00947,4561020,-0.0025553638570472736,0.0140463585554055,27,Fear,-0.46,-0.02,0.2743238142953196,fear,0.0,41.5263918183194,0.2774269252966406,0.2782268167518376,0.2782268167518376
2022-12-24,16778.52,16869.99,16776.62,16836.12,100224.29096,3076985,0.003428273556819251,0.013725345383248,29,Fear,-0.42,0.04,0.2640932498963311,fear,26.835484925165446,49.78783466663593,0.27340133564393587,0.27550166718438723,0.27550166718438723
2022-12-25,16835.73,16857.96,16721.0,16832.11,125441.07202,3570157,-0.00023820676162420736,0.0136757368716312,29,Fear,-0.42,0.0,0.2322894252890976,fear,24.036934751826863,20.01436280310761,0.2720057304349136,0.26721213485146145,0.26721213485146145
2022-12-26,16832.11,16944.52,16791.0,16919.39,124564.00656,3915571,0.005171929813683699,0.0108985015175981,28,Fear,-0.44,-0.02,0.5551815951909328,fear,0.0,55.03524209616542,0.27134866486309384,0.26673250688241695,0.26673250688241695
2022-12-27,16919.39,16972.83,16592.37,16706.36,173749.58616,5047628,-0.01267081627317635,0.0058261255924807,27,Fear,-0.46,-0.02,0.6053223761372946,fear,42.45910576892986,121.93204725988808,0.26990864222277783,0.26470595050854695,0.26470595050854695
2022-12-28,16706.06,16785.19,16465.33,16547.31,193037.56577,5465468,-0.00956593439752758,0.0065279125720916,28,Fear,-0.44,0.02,0.5734489248830569,fear,0.0,144.6336042300671,0.2572410575166229,0.2583240987240679,0.2583240987240679
2022-12-29,16547.32,16664.41,16488.91,16633.47,160998.47158,4553877,0.005193379640446887,0.0071181336896571,28,Fear,-0.44,0.0,0.5258997104305339,fear,65.6808910404787,111.80558692779161,0.2580997062805399,0.2565990586192377,0.2565990586192377
2022-12-30,16633.47,16677.35,16333.0,16607.48,164916.31174,4310415,-0.0015637342071172207,0.0071054751467933,28,Fear,-0.44,0.0,0.5855867426062156,fear,61.140338610417565,40.265387030866826,0.258046396779937,0.2598788627700954,0.2598788627700954
2022-12-31,16607.48,16644.09,16470.0,16542.4,114490.42864,3344374,-0.003926414431065476,0.0068016928385203,25,Extreme Fear,-0.5,-0.06,0.3203548322536714,extreme_fear,60.34916409370234,0.0,0.25816716829045727,0.25965933557977544,0.25965933557977544
